symbol,timestamp,open,high,low,close,volume,trade_count,vwap
MIRM,2023-07-17 12:00:00+00:00,26.7,26.7,25.5,25.88,1910.0,22.0,26.050398
MIRM,2023-07-17 13:00:00+00:00,26.53,27.22,26.25,27.22,179335.0,1251.0,26.756644
MIRM,2023-07-17 14:00:00+00:00,27.18,27.37,26.79,27.27,135493.0,1654.0,27.080991
MIRM,2023-07-17 15:00:00+00:00,27.25,27.295,26.88,27.0359,143583.0,920.0,27.032948
MIRM,2023-07-17 16:00:00+00:00,27.13,27.72,27.04,27.7,101418.0,1227.0,27.403342
MIRM,2023-07-17 17:00:00+00:00,27.7,28.5,27.6463,28.3,269055.0,1949.0,28.054644
MIRM,2023-07-17 18:00:00+00:00,28.285,28.29,27.8,27.995,257511.0,1134.0,28.066917
MIRM,2023-07-17 19:00:00+00:00,28.0,28.0,27.11,27.145,436159.0,3872.0,27.444914
MIRM,2023-07-17 20:00:00+00:00,27.14,27.14,27.14,27.14,113082.0,7.0,27.14
MIRM,2023-07-17 21:00:00+00:00,27.14,27.14,27.13,27.13,429.0,2.0,27.136993
MIRM,2023-07-18 12:00:00+00:00,27.2801,27.2801,27.2801,27.2801,125.0,1.0,27.2801
MIRM,2023-07-18 13:00:00+00:00,28.04,28.4,27.495,28.32,259452.0,2229.0,28.101193
MIRM,2023-07-18 14:00:00+00:00,28.3,28.43,27.92,27.95,225490.0,2684.0,28.290884
MIRM,2023-07-18 15:00:00+00:00,27.94,28.14,27.48,27.71,152511.0,1904.0,27.838758
MIRM,2023-07-18 16:00:00+00:00,27.7359,27.78,26.97,27.06,80587.0,1531.0,27.432044
MIRM,2023-07-18 17:00:00+00:00,27.055,27.055,26.76,26.89,56737.0,1131.0,26.945668
MIRM,2023-07-18 18:00:00+00:00,26.855,27.37,26.75,27.37,112125.0,1714.0,27.096789
MIRM,2023-07-18 19:00:00+00:00,27.31,27.4,27.12,27.21,320315.0,3753.0,27.242121
MIRM,2023-07-18 20:00:00+00:00,27.21,27.21,27.1,27.1,102436.0,20.0,27.209911
MIRM,2023-07-18 23:00:00+00:00,27.17,27.17,27.17,27.17,200.0,1.0,27.17
MIRM,2023-07-19 12:00:00+00:00,26.48,26.48,26.48,26.48,200.0,1.0,26.48
MIRM,2023-07-19 13:00:00+00:00,27.17,27.29,26.86,27.015,55569.0,635.0,27.042889
MIRM,2023-07-19 14:00:00+00:00,27.02,27.07,26.62,26.88,78356.0,1235.0,26.894279
MIRM,2023-07-19 15:00:00+00:00,26.885,27.07,26.785,26.81,49692.0,963.0,26.929513
MIRM,2023-07-19 16:00:00+00:00,26.82,26.92,26.62,26.79,45436.0,841.0,26.755732
MIRM,2023-07-19 17:00:00+00:00,26.78,26.78,26.41,26.44,94431.0,906.0,26.547193
MIRM,2023-07-19 18:00:00+00:00,26.44,26.83,26.4,26.74,78645.0,1164.0,26.528047
MIRM,2023-07-19 19:00:00+00:00,26.71,26.78,26.48,26.49,235428.0,2625.0,26.564178
MIRM,2023-07-19 20:00:00+00:00,26.5,26.5,26.5,26.5,63125.0,13.0,26.5
MIRM,2023-07-20 13:00:00+00:00,26.53,26.675,26.13,26.54,43516.0,390.0,26.377115
MIRM,2023-07-20 14:00:00+00:00,26.63,26.64,26.32,26.575,43165.0,855.0,26.470676
MIRM,2023-07-20 15:00:00+00:00,26.55,26.7,26.34,26.41,33631.0,678.0,26.507027
MIRM,2023-07-20 16:00:00+00:00,26.46,26.53,26.35,26.39,24409.0,617.0,26.425628
MIRM,2023-07-20 17:00:00+00:00,26.36,26.64,26.265,26.6,731422.0,1167.0,26.367958
MIRM,2023-07-20 18:00:00+00:00,26.59,26.96,26.59,26.95,92043.0,977.0,26.709775
MIRM,2023-07-20 19:00:00+00:00,26.95,27.0,26.85,26.86,133145.0,2461.0,26.927168
MIRM,2023-07-20 20:00:00+00:00,26.87,26.87,26.87,26.87,58483.0,6.0,26.87
MIRM,2023-07-21 12:00:00+00:00,26.87,26.87,26.87,26.87,115.0,1.0,26.87
MIRM,2023-07-21 13:00:00+00:00,26.99,27.15,26.65,26.8,49387.0,370.0,26.864573
MIRM,2023-07-21 14:00:00+00:00,26.74,26.74,26.36,26.38,76884.0,1063.0,26.528727
MIRM,2023-07-21 15:00:00+00:00,26.325,26.52,26.19,26.21,66929.0,1034.0,26.379803
MIRM,2023-07-21 16:00:00+00:00,26.22,26.29,26.07,26.17,31956.0,633.0,26.180266
MIRM,2023-07-21 17:00:00+00:00,26.13,26.38,26.1,26.34,28536.0,569.0,26.245025
MIRM,2023-07-21 18:00:00+00:00,26.34,26.42,26.11,26.15,170304.0,1212.0,26.290824
MIRM,2023-07-21 19:00:00+00:00,26.15,26.2,25.84,25.87,190774.0,2298.0,25.955493
MIRM,2023-07-21 20:00:00+00:00,25.89,25.89,25.89,25.89,78855.0,6.0,25.89
MIRM,2023-07-24 13:00:00+00:00,25.77,25.84,25.3,25.3,11897.0,203.0,25.598755
MIRM,2023-07-24 14:00:00+00:00,25.3,25.38,24.76,24.82,58115.0,826.0,24.992795
MIRM,2023-07-24 15:00:00+00:00,24.84,24.9,24.5,24.85,111292.0,1276.0,24.687494
MIRM,2023-07-24 16:00:00+00:00,24.845,25.025,24.78,24.875,46873.0,806.0,24.899806
MIRM,2023-07-24 17:00:00+00:00,24.875,24.875,24.645,24.765,34292.0,631.0,24.758324
MIRM,2023-07-24 18:00:00+00:00,24.77,24.89,24.63,24.66,55760.0,729.0,24.811938
MIRM,2023-07-24 19:00:00+00:00,24.65,24.76,24.575,24.73,101635.0,2003.0,24.68309
MIRM,2023-07-24 20:00:00+00:00,24.73,24.73,24.73,24.73,84506.0,14.0,24.73
MIRM,2023-07-25 13:00:00+00:00,25.74,25.74,24.46,24.92,34581.0,464.0,25.077739
MIRM,2023-07-25 14:00:00+00:00,24.93,25.23,24.76,24.9,56139.0,1175.0,24.99497
MIRM,2023-07-25 15:00:00+00:00,24.9,24.97,24.77,24.945,41336.0,746.0,24.867577
MIRM,2023-07-25 16:00:00+00:00,24.96,25.025,24.78,24.925,47189.0,742.0,24.872838
MIRM,2023-07-25 17:00:00+00:00,24.91,25.04,24.835,25.01,38614.0,769.0,24.942827
MIRM,2023-07-25 18:00:00+00:00,24.99,25.138,24.95,25.04,43825.0,876.0,25.039535
MIRM,2023-07-25 19:00:00+00:00,25.035,25.09,24.96,25.04,119787.0,2143.0,25.039033
MIRM,2023-07-25 20:00:00+00:00,25.05,25.05,25.05,25.05,56560.0,13.0,25.05
MIRM,2023-07-25 21:00:00+00:00,25.17,25.2,25.17,25.2,300.0,2.0,25.18
MIRM,2023-07-25 22:00:00+00:00,25.22,25.22,25.22,25.22,200.0,2.0,25.22
MIRM,2023-07-26 12:00:00+00:00,25.98,25.98,25.15,25.15,2050.0,12.0,25.317956
MIRM,2023-07-26 13:00:00+00:00,25.31,26.188,25.3,26.188,71934.0,769.0,25.778348
MIRM,2023-07-26 14:00:00+00:00,26.21,26.4725,25.905,26.01,142936.0,1869.0,26.243214
MIRM,2023-07-26 15:00:00+00:00,26.0,26.15,25.91,25.92,50758.0,813.0,26.034881
MIRM,2023-07-26 16:00:00+00:00,25.925,26.1499,25.91,26.025,54377.0,683.0,25.995071
MIRM,2023-07-26 17:00:00+00:00,25.99,26.025,25.94,25.96,46201.0,662.0,25.989017
MIRM,2023-07-26 18:00:00+00:00,25.95,26.04,25.93,25.98,85787.0,1348.0,25.997558
MIRM,2023-07-26 19:00:00+00:00,25.99,26.005,25.94,25.97,114495.0,2008.0,25.976737
MIRM,2023-07-26 20:00:00+00:00,25.99,25.99,25.99,25.99,59064.0,5.0,25.99
MIRM,2023-07-26 22:00:00+00:00,26.2,26.2,26.2,26.2,300.0,2.0,26.2
MIRM,2023-07-26 23:00:00+00:00,26.39,26.39,26.39,26.39,500.0,3.0,26.39
MIRM,2023-07-27 12:00:00+00:00,26.3,26.3,26.3,26.3,100.0,1.0,26.3
MIRM,2023-07-27 13:00:00+00:00,26.49,26.49,25.82,25.84,45693.0,528.0,26.111671
MIRM,2023-07-27 14:00:00+00:00,25.91,26.051,25.66,26.0,105364.0,1076.0,25.913999
MIRM,2023-07-27 15:00:00+00:00,25.995,26.13,25.85,26.05,58398.0,1067.0,25.97969
MIRM,2023-07-27 16:00:00+00:00,26.03,26.27,25.82,25.89,48555.0,864.0,26.07228
MIRM,2023-07-27 17:00:00+00:00,25.85,25.89,25.72,25.78,52462.0,951.0,25.791505
MIRM,2023-07-27 18:00:00+00:00,25.79,25.8,25.68,25.7,32850.0,798.0,25.751984
MIRM,2023-07-27 19:00:00+00:00,25.685,25.75,25.33,25.54,115871.0,2634.0,25.501779
MIRM,2023-07-27 20:00:00+00:00,25.55,25.55,25.55,25.55,63494.0,17.0,25.55
MIRM,2023-07-27 21:00:00+00:00,26.15,26.6,26.15,26.6,267.0,2.0,26.402809
MIRM,2023-07-28 13:00:00+00:00,25.84,26.01,25.55,25.75,31096.0,399.0,25.781254
MIRM,2023-07-28 14:00:00+00:00,25.7752,26.01,25.66,25.71,72342.0,1243.0,25.757959
MIRM,2023-07-28 15:00:00+00:00,25.71,25.805,25.66,25.805,94305.0,1521.0,25.701284
MIRM,2023-07-28 16:00:00+00:00,25.805,26.11,25.76,26.085,187336.0,2276.0,25.972533
MIRM,2023-07-28 17:00:00+00:00,26.09,26.2027,25.79,25.98,135801.0,1154.0,25.989758
MIRM,2023-07-28 18:00:00+00:00,26.01,26.13,25.86,25.9,68917.0,1626.0,26.002931
MIRM,2023-07-28 19:00:00+00:00,25.87,25.97,25.7,25.79,114203.0,2120.0,25.855492
MIRM,2023-07-28 20:00:00+00:00,25.79,25.79,25.79,25.79,47280.0,8.0,25.79
MIRM,2023-07-31 13:00:00+00:00,25.84,26.155,25.62,25.675,22924.0,313.0,25.870504
MIRM,2023-07-31 14:00:00+00:00,25.69,25.85,25.6,25.64,59783.0,1066.0,25.752746
MIRM,2023-07-31 15:00:00+00:00,25.67,25.95,25.35,25.35,124657.0,1011.0,25.812653
MIRM,2023-07-31 16:00:00+00:00,25.35,25.525,25.29,25.41,37466.0,527.0,25.435995
MIRM,2023-07-31 17:00:00+00:00,25.41,25.51,25.32,25.45,19904.0,461.0,25.405046
MIRM,2023-07-31 18:00:00+00:00,25.485,25.67,25.485,25.615,27224.0,640.0,25.567649
MIRM,2023-07-31 19:00:00+00:00,25.62,25.79,25.605,25.75,138647.0,1893.0,25.718436
MIRM,2023-07-31 20:00:00+00:00,25.76,25.76,25.76,25.76,48639.0,15.0,25.76
MIRM,2023-08-01 13:00:00+00:00,25.82,25.82,25.33,25.38,31835.0,465.0,25.565678
MIRM,2023-08-01 14:00:00+00:00,25.38,25.58,25.15,25.22,75807.0,1703.0,25.38382
MIRM,2023-08-01 15:00:00+00:00,25.2,25.23,24.9307,24.995,81216.0,1482.0,25.052944
MIRM,2023-08-01 16:00:00+00:00,25.0,25.23,25.0,25.23,51881.0,1058.0,25.098203
MIRM,2023-08-01 17:00:00+00:00,25.205,25.37,25.13,25.3114,62736.0,1211.0,25.250584
MIRM,2023-08-01 18:00:00+00:00,25.33,25.36,24.94,25.06,67973.0,1356.0,25.177464
MIRM,2023-08-01 19:00:00+00:00,25.05,25.15,24.96,24.99,133788.0,2116.0,25.021864
MIRM,2023-08-01 20:00:00+00:00,24.97,24.97,24.97,24.97,44016.0,9.0,24.97
MIRM,2023-08-01 22:00:00+00:00,24.9,24.9,24.87,24.87,4000.0,6.0,24.87804
MIRM,2023-08-02 13:00:00+00:00,24.95,25.0,24.75,24.96,31494.0,435.0,24.845487
MIRM,2023-08-02 14:00:00+00:00,24.93,25.12,24.9,25.085,43516.0,1042.0,25.019879
MIRM,2023-08-02 15:00:00+00:00,25.07,25.1,24.86,24.86,68433.0,870.0,25.039579
MIRM,2023-08-02 16:00:00+00:00,24.87,25.03,24.845,24.86,39828.0,779.0,24.966444
MIRM,2023-08-02 17:00:00+00:00,24.845,24.94,24.82,24.88,25482.0,672.0,24.894485
MIRM,2023-08-02 18:00:00+00:00,24.9,25.02,24.88,24.925,139554.0,956.0,24.984022
MIRM,2023-08-02 19:00:00+00:00,24.94,25.015,24.9,24.96,80445.0,1843.0,24.949226
MIRM,2023-08-02 20:00:00+00:00,24.92,24.92,24.92,24.92,33480.0,12.0,24.92
MIRM,2023-08-03 13:00:00+00:00,24.81,25.47,24.8,25.4,17701.0,349.0,25.10573
MIRM,2023-08-03 14:00:00+00:00,25.305,25.3387,24.9,25.01,121979.0,832.0,25.237836
MIRM,2023-08-03 15:00:00+00:00,24.975,25.2,24.835,25.0,61722.0,1003.0,24.993914
MIRM,2023-08-03 16:00:00+00:00,24.99,25.03,24.8,24.99,35654.0,746.0,24.912766
MIRM,2023-08-03 17:00:00+00:00,25.02,25.02,24.9,24.96,27050.0,728.0,24.933685
MIRM,2023-08-03 18:00:00+00:00,24.95,25.04,24.8,24.94,79500.0,1395.0,24.949003
MIRM,2023-08-03 19:00:00+00:00,24.9375,24.96,24.71,24.83,140229.0,2714.0,24.859044
MIRM,2023-08-03 20:00:00+00:00,24.88,24.88,24.88,24.88,87244.0,12.0,24.88
MIRM,2023-08-03 21:00:00+00:00,24.88,24.88,24.88,24.88,251.0,1.0,24.88
MIRM,2023-08-03 22:00:00+00:00,24.88,24.88,24.88,24.88,175.0,1.0,24.88
MIRM,2023-08-04 13:00:00+00:00,24.7,25.83,24.7,25.57,72456.0,918.0,25.408582
MIRM,2023-08-04 14:00:00+00:00,25.585,26.315,25.53,26.27,284048.0,2654.0,26.108731
MIRM,2023-08-04 15:00:00+00:00,26.255,26.3,25.95,26.0,109197.0,1620.0,26.122776
MIRM,2023-08-04 16:00:00+00:00,25.97,26.22,25.94,26.1,90137.0,1643.0,26.067928
MIRM,2023-08-04 17:00:00+00:00,26.1,26.29,26.03,26.23,73948.0,1521.0,26.18426
MIRM,2023-08-04 18:00:00+00:00,26.21,26.33,26.08,26.27,61290.0,1575.0,26.218609
MIRM,2023-08-04 19:00:00+00:00,26.295,26.69,26.27,26.44,166289.0,3192.0,26.472748
MIRM,2023-08-04 20:00:00+00:00,26.45,26.45,26.45,26.45,64512.0,6.0,26.45
MIRM,2023-08-07 13:00:00+00:00,26.52,26.52,26.005,26.06,25648.0,556.0,26.265232
MIRM,2023-08-07 14:00:00+00:00,26.055,26.1,25.67,25.75,65175.0,1181.0,25.88221
MIRM,2023-08-07 15:00:00+00:00,25.74,25.89,25.43,25.67,61301.0,1030.0,25.665167
MIRM,2023-08-07 16:00:00+00:00,25.66,25.83,25.59,25.665,29962.0,643.0,25.686097
MIRM,2023-08-07 17:00:00+00:00,25.675,25.68,25.42,25.45,76710.0,1202.0,25.569401
MIRM,2023-08-07 18:00:00+00:00,25.46,25.85,25.38,25.76,95613.0,1228.0,25.72773
MIRM,2023-08-07 19:00:00+00:00,25.77,25.88,25.54,25.68,165129.0,2854.0,25.716379
MIRM,2023-08-07 20:00:00+00:00,25.68,25.68,25.67,25.67,63485.0,13.0,25.679953
MIRM,2023-08-08 13:00:00+00:00,25.79,25.8,25.48,25.65,22619.0,500.0,25.646388
MIRM,2023-08-08 14:00:00+00:00,25.67,25.71,25.34,25.43,62092.0,971.0,25.494938
MIRM,2023-08-08 15:00:00+00:00,25.42,25.73,25.4,25.59,31761.0,852.0,25.589265
MIRM,2023-08-08 16:00:00+00:00,25.61,25.66,25.16,25.16,51894.0,1033.0,25.43832
MIRM,2023-08-08 17:00:00+00:00,25.19,25.3,25.17,25.28,29758.0,849.0,25.219082
MIRM,2023-08-08 18:00:00+00:00,25.28,25.58,25.275,25.575,40074.0,977.0,25.449669
MIRM,2023-08-08 19:00:00+00:00,25.575,25.575,25.39,25.47,78484.0,1910.0,25.463309
MIRM,2023-08-08 20:00:00+00:00,25.45,25.45,25.45,25.45,52427.0,11.0,25.45
MIRM,2023-08-09 13:00:00+00:00,25.46,25.69,25.3,25.3,7272.0,125.0,25.495273
MIRM,2023-08-09 14:00:00+00:00,25.42,25.615,25.09,25.57,82524.0,973.0,25.454373
MIRM,2023-08-09 15:00:00+00:00,25.58,25.62,25.5001,25.59,94684.0,951.0,25.575135
MIRM,2023-08-09 16:00:00+00:00,25.595,25.63,25.56,25.585,21255.0,501.0,25.596975
MIRM,2023-08-09 17:00:00+00:00,25.585,26.26,25.58,26.15,28088.0,612.0,25.941116
MIRM,2023-08-09 18:00:00+00:00,26.14,26.26,25.72,25.72,33172.0,631.0,25.966017
MIRM,2023-08-09 19:00:00+00:00,25.74,25.79,25.67,25.76,77479.0,1186.0,25.735794
MIRM,2023-08-09 20:00:00+00:00,25.79,25.79,25.79,25.79,50768.0,7.0,25.79
MIRM,2023-08-10 13:00:00+00:00,25.42,25.87,25.42,25.87,24179.0,177.0,25.59612
MIRM,2023-08-10 14:00:00+00:00,26.05,26.415,25.95,26.2401,43665.0,686.0,26.257429
MIRM,2023-08-10 15:00:00+00:00,26.34,26.55,26.31,26.41,35667.0,732.0,26.411776
MIRM,2023-08-10 16:00:00+00:00,26.47,26.52,26.425,26.47,13118.0,370.0,26.473943
MIRM,2023-08-10 17:00:00+00:00,26.5,26.5,26.25,26.3,76176.0,1075.0,26.294428
MIRM,2023-08-10 18:00:00+00:00,26.31,26.39,26.29,26.36,30733.0,849.0,26.346891
MIRM,2023-08-10 19:00:00+00:00,26.33,26.38,26.23,26.29,161841.0,1974.0,26.282779
MIRM,2023-08-10 20:00:00+00:00,26.29,26.29,26.29,26.29,38798.0,12.0,26.29
MIRM,2023-08-11 13:00:00+00:00,26.34,26.72,26.34,26.57,37339.0,269.0,26.630999
MIRM,2023-08-11 14:00:00+00:00,26.65,26.85,26.58,26.65,21223.0,519.0,26.708399
MIRM,2023-08-11 15:00:00+00:00,26.61,26.61,26.32,26.48,14549.0,402.0,26.48067
MIRM,2023-08-11 16:00:00+00:00,26.51,26.51,26.36,26.43,35989.0,344.0,26.391804
MIRM,2023-08-11 17:00:00+00:00,26.4116,26.54,26.4,26.5,15459.0,440.0,26.446729
MIRM,2023-08-11 18:00:00+00:00,26.51,26.545,26.44,26.49,17552.0,435.0,26.500096
MIRM,2023-08-11 19:00:00+00:00,26.48,26.54,26.435,26.53,65026.0,1264.0,26.486857
MIRM,2023-08-11 20:00:00+00:00,26.52,26.52,26.52,26.52,21939.0,3.0,26.52
MIRM,2023-08-14 13:00:00+00:00,26.7,26.7,26.05,26.06,14662.0,245.0,26.309462
MIRM,2023-08-14 14:00:00+00:00,26.03,26.16,25.79,25.91,37956.0,773.0,25.948575
MIRM,2023-08-14 15:00:00+00:00,25.9,25.93,25.73,25.8,36649.0,957.0,25.81098
MIRM,2023-08-14 16:00:00+00:00,25.835,25.865,25.71,25.8,30509.0,730.0,25.790886
MIRM,2023-08-14 17:00:00+00:00,25.8,25.89,25.775,25.81,26529.0,725.0,25.831211
MIRM,2023-08-14 18:00:00+00:00,25.82,25.97,25.78,25.89,37668.0,1011.0,25.878408
MIRM,2023-08-14 19:00:00+00:00,25.89,26.01,25.66,25.87,145729.0,2803.0,25.840663
MIRM,2023-08-14 20:00:00+00:00,25.85,25.85,25.85,25.85,64912.0,12.0,25.850006
MIRM,2023-08-15 13:00:00+00:00,25.91,25.935,25.59,25.66,10029.0,180.0,25.724108
MIRM,2023-08-15 14:00:00+00:00,25.69,25.99,25.69,25.97,20461.0,490.0,25.827316
MIRM,2023-08-15 15:00:00+00:00,25.99,25.99,25.81,25.9,23511.0,587.0,25.880702
MIRM,2023-08-15 16:00:00+00:00,25.9,25.9,25.57,25.62,23513.0,617.0,25.744234
MIRM,2023-08-15 17:00:00+00:00,25.63,25.71,25.58,25.59,16939.0,540.0,25.647176
MIRM,2023-08-15 18:00:00+00:00,25.61,25.8,25.61,25.76,19404.0,489.0,25.706978
MIRM,2023-08-15 19:00:00+00:00,25.765,25.82,25.47,25.67,97941.0,1848.0,25.59579
MIRM,2023-08-15 20:00:00+00:00,25.69,25.69,25.69,25.69,51012.0,10.0,25.69
MIRM,2023-08-16 13:00:00+00:00,25.64,25.66,25.48,25.65,8243.0,93.0,25.584748
MIRM,2023-08-16 14:00:00+00:00,25.615,25.655,25.13,25.24,28609.0,679.0,25.287217
MIRM,2023-08-16 15:00:00+00:00,25.2,25.27,24.985,25.02,30930.0,655.0,25.110347
MIRM,2023-08-16 16:00:00+00:00,25.015,25.129,24.88,24.89,33738.0,582.0,25.007557
MIRM,2023-08-16 17:00:00+00:00,24.875,24.9447,24.58,24.605,50536.0,1023.0,24.732012
MIRM,2023-08-16 18:00:00+00:00,24.615,24.875,24.54,24.78,92004.0,946.0,24.705948
MIRM,2023-08-16 19:00:00+00:00,24.75,24.949,24.68,24.7,93052.0,1840.0,24.782625
MIRM,2023-08-16 20:00:00+00:00,24.7,24.7,24.7,24.7,61051.0,8.0,24.7
MIRM,2023-08-17 13:00:00+00:00,24.7,24.8,24.56,24.66,33155.0,355.0,24.727726
MIRM,2023-08-17 14:00:00+00:00,24.605,24.67,24.38,24.48,14609.0,489.0,24.502973
MIRM,2023-08-17 15:00:00+00:00,24.475,24.63,24.28,24.63,53859.0,641.0,24.466478
MIRM,2023-08-17 16:00:00+00:00,24.61,24.91,24.61,24.83,19923.0,628.0,24.814221
MIRM,2023-08-17 17:00:00+00:00,24.835,24.91,24.73,24.75,18691.0,472.0,24.822621
MIRM,2023-08-17 18:00:00+00:00,24.76,24.9099,24.62,24.71,28734.0,666.0,24.78041
MIRM,2023-08-17 19:00:00+00:00,24.73,24.74,24.63,24.66,59448.0,1516.0,24.678231
MIRM,2023-08-17 20:00:00+00:00,24.63,24.63,24.63,24.63,109845.0,5.0,24.63
MIRM,2023-08-18 13:00:00+00:00,24.44,25.04,24.23,24.9101,18284.0,226.0,24.702569
MIRM,2023-08-18 14:00:00+00:00,24.881,25.17,24.87,25.08,15316.0,437.0,24.996824
MIRM,2023-08-18 15:00:00+00:00,25.13,25.18,24.95,25.1,17271.0,472.0,25.095023
MIRM,2023-08-18 16:00:00+00:00,25.1,25.22,25.08,25.14,23220.0,462.0,25.14921
MIRM,2023-08-18 17:00:00+00:00,25.15,25.19,24.93,25.05,30665.0,467.0,25.038365
MIRM,2023-08-18 18:00:00+00:00,25.02,25.13,25.02,25.065,15355.0,439.0,25.074026
MIRM,2023-08-18 19:00:00+00:00,25.05,25.065,24.92,24.94,40111.0,1181.0,24.98188
MIRM,2023-08-18 20:00:00+00:00,24.97,24.97,24.97,24.97,41251.0,4.0,24.97
MIRM,2023-08-21 12:00:00+00:00,25.0,25.0,25.0,25.0,101.0,2.0,25.00198
MIRM,2023-08-21 13:00:00+00:00,25.08,25.19,24.85,24.9601,15537.0,143.0,25.052644
MIRM,2023-08-21 14:00:00+00:00,25.03,25.38,24.88,25.29,19544.0,450.0,25.13589
MIRM,2023-08-21 15:00:00+00:00,25.31,25.39,25.095,25.1,20736.0,428.0,25.254564
MIRM,2023-08-21 16:00:00+00:00,25.12,25.76,25.12,25.5701,49876.0,612.0,25.47985
MIRM,2023-08-21 17:00:00+00:00,25.5728,25.9,25.57,25.895,21405.0,400.0,25.722516
MIRM,2023-08-21 18:00:00+00:00,25.91,25.98,25.81,25.93,23260.0,567.0,25.891812
MIRM,2023-08-21 19:00:00+00:00,25.9595,26.23,25.95,26.15,116518.0,2530.0,26.108607
MIRM,2023-08-21 20:00:00+00:00,26.15,26.15,26.15,26.15,140924.0,12.0,26.15
MIRM,2023-08-21 21:00:00+00:00,26.19,26.19,26.19,26.19,250.0,1.0,26.19
MIRM,2023-08-22 13:00:00+00:00,26.16,26.48,25.94,25.98,25964.0,269.0,26.135758
MIRM,2023-08-22 14:00:00+00:00,25.96,26.3,25.92,26.26,27139.0,598.0,26.082582
MIRM,2023-08-22 15:00:00+00:00,26.2542,26.29,26.12,26.28,18229.0,558.0,26.219681
MIRM,2023-08-22 16:00:00+00:00,26.32,26.34,26.095,26.31,17135.0,545.0,26.229332
MIRM,2023-08-22 17:00:00+00:00,26.3,26.39,26.14,26.385,21370.0,600.0,26.263968
MIRM,2023-08-22 18:00:00+00:00,26.42,26.51,26.375,26.43,23042.0,709.0,26.44884
MIRM,2023-08-22 19:00:00+00:00,26.42,26.42,26.21,26.31,63014.0,1555.0,26.28487
MIRM,2023-08-22 20:00:00+00:00,26.3,26.3,26.3,26.3,42046.0,4.0,26.3
MIRM,2023-08-22 22:00:00+00:00,26.7,26.9,26.68,26.9,6800.0,8.0,26.809957
MIRM,2023-08-23 13:00:00+00:00,26.55,26.925,26.3701,26.85,17949.0,314.0,26.691979
MIRM,2023-08-23 14:00:00+00:00,26.9,27.02,26.59,26.59,33857.0,591.0,26.806342
MIRM,2023-08-23 15:00:00+00:00,26.6,26.81,26.515,26.78,39444.0,668.0,26.688773
MIRM,2023-08-23 16:00:00+00:00,26.72,26.72,26.54,26.54,15948.0,370.0,26.634639
MIRM,2023-08-23 17:00:00+00:00,26.54,26.59,26.45,26.45,12892.0,305.0,26.532008
MIRM,2023-08-23 18:00:00+00:00,26.45,26.47,26.28,26.28,23093.0,507.0,26.37001
MIRM,2023-08-23 19:00:00+00:00,26.265,26.37,26.14,26.185,48175.0,1198.0,26.254537
MIRM,2023-08-23 20:00:00+00:00,26.2,26.2,26.2,26.2,49347.0,8.0,26.2
MIRM,2023-08-24 13:00:00+00:00,26.22,26.22,25.75,26.18,17680.0,197.0,26.102155
MIRM,2023-08-24 14:00:00+00:00,26.13,26.23,26.0,26.23,10923.0,271.0,26.122861
MIRM,2023-08-24 15:00:00+00:00,26.215,26.215,25.83,25.83,12348.0,376.0,25.988615
MIRM,2023-08-24 16:00:00+00:00,25.86,25.86,25.695,25.7,11618.0,314.0,25.793318
MIRM,2023-08-24 17:00:00+00:00,25.71,25.94,25.675,25.9112,14817.0,373.0,25.799417
MIRM,2023-08-24 18:00:00+00:00,25.93,25.9408,25.78,25.8904,15239.0,451.0,25.86999
MIRM,2023-08-24 19:00:00+00:00,25.89,25.93,25.67,25.74,46882.0,1180.0,25.784375
MIRM,2023-08-24 20:00:00+00:00,25.73,25.74,25.73,25.73,56379.0,7.0,25.730024
MIRM,2023-08-25 13:00:00+00:00,25.76,26.11,25.715,25.94,5701.0,96.0,25.823463
MIRM,2023-08-25 14:00:00+00:00,25.81,26.1,25.78,26.06,13192.0,385.0,25.949032
MIRM,2023-08-25 15:00:00+00:00,26.0,26.255,25.9979,26.125,15041.0,338.0,26.120936
MIRM,2023-08-25 16:00:00+00:00,26.16,26.3,26.15,26.27,21601.0,408.0,26.218331
MIRM,2023-08-25 17:00:00+00:00,26.27,26.54,26.27,26.51,12629.0,358.0,26.459345
MIRM,2023-08-25 18:00:00+00:00,26.52,26.59,26.4001,26.43,23169.0,627.0,26.495484
MIRM,2023-08-25 19:00:00+00:00,26.425,26.55,26.35,26.55,65619.0,1549.0,26.459796
MIRM,2023-08-25 20:00:00+00:00,26.535,26.535,26.535,26.535,48543.0,6.0,26.535
MIRM,2023-08-28 13:00:00+00:00,26.62,26.85,26.62,26.795,6294.0,89.0,26.747695
MIRM,2023-08-28 14:00:00+00:00,26.795,26.84,26.47,26.47,8223.0,152.0,26.589959
MIRM,2023-08-28 15:00:00+00:00,26.46,26.73,26.42,26.73,3134.0,102.0,26.552604
MIRM,2023-08-28 16:00:00+00:00,26.74,26.81,26.62,26.62,22193.0,342.0,26.726844
MIRM,2023-08-28 17:00:00+00:00,26.65,26.67,26.55,26.57,5267.0,140.0,26.591652
MIRM,2023-08-28 18:00:00+00:00,26.6076,26.675,26.6076,26.655,10420.0,294.0,26.641292
MIRM,2023-08-28 19:00:00+00:00,26.62,26.645,26.19,26.343,61884.0,1267.0,26.310516
MIRM,2023-08-28 20:00:00+00:00,26.35,26.35,26.35,26.35,27767.0,8.0,26.35
MIRM,2023-08-29 13:00:00+00:00,26.31,26.31,25.76,26.1065,13128.0,149.0,26.173975
MIRM,2023-08-29 14:00:00+00:00,26.1,26.17,25.72,25.875,18251.0,476.0,25.903575
MIRM,2023-08-29 15:00:00+00:00,25.93,26.16,25.89,26.08,13795.0,332.0,26.048435
MIRM,2023-08-29 16:00:00+00:00,26.16,26.21,26.08,26.15,11511.0,327.0,26.135557
MIRM,2023-08-29 17:00:00+00:00,26.2,26.2,26.03,26.09,18060.0,517.0,26.078366
MIRM,2023-08-29 18:00:00+00:00,26.1,26.13,25.97,26.075,13642.0,408.0,26.058231
MIRM,2023-08-29 19:00:00+00:00,26.05,26.05,25.92,26.05,33411.0,1004.0,25.987627
MIRM,2023-08-29 20:00:00+00:00,26.02,26.02,26.02,26.02,25281.0,8.0,26.02
MIRM,2023-08-30 13:00:00+00:00,26.14,26.49,26.14,26.49,5582.0,82.0,26.274223
MIRM,2023-08-30 14:00:00+00:00,26.43,26.59,26.35,26.43,7334.0,203.0,26.447308
MIRM,2023-08-30 15:00:00+00:00,26.44,26.5,26.42,26.43,12781.0,276.0,26.458765
MIRM,2023-08-30 16:00:00+00:00,26.44,26.565,26.4,26.4,20531.0,386.0,26.480456
MIRM,2023-08-30 17:00:00+00:00,26.415,26.55,26.29,26.48,29503.0,563.0,26.40685
MIRM,2023-08-30 18:00:00+00:00,26.47,26.55,26.4,26.4,27000.0,533.0,26.472254
MIRM,2023-08-30 19:00:00+00:00,26.44,26.53,26.28,26.44,48339.0,1040.0,26.397758
MIRM,2023-08-30 20:00:00+00:00,26.43,26.43,26.43,26.43,77817.0,11.0,26.43
MIRM,2023-08-31 13:00:00+00:00,26.5,26.71,26.47,26.63,7195.0,155.0,26.561489
MIRM,2023-08-31 14:00:00+00:00,26.585,26.68,26.425,26.48,93213.0,560.0,26.576054
MIRM,2023-08-31 15:00:00+00:00,26.45,26.68,26.41,26.56,34677.0,496.0,26.507178
MIRM,2023-08-31 16:00:00+00:00,26.55,26.56,26.38,26.43,12546.0,253.0,26.52414
MIRM,2023-08-31 17:00:00+00:00,26.4,26.62,26.39,26.55,23936.0,517.0,26.515571
MIRM,2023-08-31 18:00:00+00:00,26.56,26.64,26.5,26.62,28091.0,605.0,26.542112
MIRM,2023-08-31 19:00:00+00:00,26.64,26.78,26.38,26.38,136980.0,1846.0,26.593356
MIRM,2023-08-31 20:00:00+00:00,26.43,26.43,26.43,26.43,64475.0,9.0,26.43
MIRM,2023-09-01 12:00:00+00:00,26.3,26.3,26.3,26.3,1000.0,1.0,26.3
MIRM,2023-09-01 13:00:00+00:00,26.49,26.83,26.265,26.46,45515.0,351.0,26.495544
MIRM,2023-09-01 14:00:00+00:00,26.46,26.77,26.44,26.5739,15863.0,347.0,26.620547
MIRM,2023-09-01 15:00:00+00:00,26.58,26.935,26.58,26.82,15207.0,380.0,26.800623
MIRM,2023-09-01 16:00:00+00:00,26.8,26.84,26.595,26.595,20019.0,338.0,26.765513
MIRM,2023-09-01 17:00:00+00:00,26.54,26.69,26.47,26.643,80779.0,400.0,26.635624
MIRM,2023-09-01 18:00:00+00:00,26.641,26.7,26.423,26.423,10768.0,369.0,26.558369
MIRM,2023-09-01 19:00:00+00:00,26.42,26.44,26.2,26.44,65198.0,1462.0,26.331582
MIRM,2023-09-01 20:00:00+00:00,26.44,26.44,26.44,26.44,66119.0,12.0,26.44
MIRM,2023-09-05 13:00:00+00:00,26.44,26.5899,26.0,26.545,19936.0,393.0,26.429693
MIRM,2023-09-05 14:00:00+00:00,26.545,27.06,26.545,26.84,51992.0,810.0,26.757819
MIRM,2023-09-05 15:00:00+00:00,26.84,26.915,26.79,26.8,28755.0,761.0,26.850043
MIRM,2023-09-05 16:00:00+00:00,26.82,27.43,26.77,27.4,104842.0,1642.0,27.030961
MIRM,2023-09-05 17:00:00+00:00,27.45,27.72,27.34,27.6518,82737.0,1774.0,27.599437
MIRM,2023-09-05 18:00:00+00:00,27.64,28.15,27.64,28.15,76568.0,1534.0,27.868977
MIRM,2023-09-05 19:00:00+00:00,28.13,28.491,27.58,27.59,240558.0,3696.0,27.85619
MIRM,2023-09-05 20:00:00+00:00,27.62,27.62,27.62,27.62,46362.0,5.0,27.62
MIRM,2023-09-06 13:00:00+00:00,27.765,28.01,27.4431,27.75,16132.0,214.0,27.851935
MIRM,2023-09-06 14:00:00+00:00,27.74,27.83,27.375,27.71,27765.0,678.0,27.571706
MIRM,2023-09-06 15:00:00+00:00,27.77,28.37,27.64,28.005,92658.0,1210.0,28.104491
MIRM,2023-09-06 16:00:00+00:00,28.0,28.22,28.0,28.2,35397.0,698.0,28.110556
MIRM,2023-09-06 17:00:00+00:00,28.2605,28.38,28.18,28.23,61467.0,1072.0,28.240032
MIRM,2023-09-06 18:00:00+00:00,28.22,28.75,28.165,28.59,97747.0,1593.0,28.489308
MIRM,2023-09-06 19:00:00+00:00,28.58,28.69,28.3,28.51,172488.0,3263.0,28.494682
MIRM,2023-09-06 20:00:00+00:00,28.51,28.51,28.51,28.51,35376.0,7.0,28.51
MIRM,2023-09-07 13:00:00+00:00,28.52,28.84,28.324,28.625,45843.0,441.0,28.566793
MIRM,2023-09-07 14:00:00+00:00,28.67,29.27,28.64,29.245,83809.0,1251.0,28.899089
MIRM,2023-09-07 15:00:00+00:00,29.25,29.26,28.96,28.98,59529.0,1090.0,29.111932
MIRM,2023-09-07 16:00:00+00:00,28.98,29.12,28.41,28.695,131497.0,1805.0,28.812896
MIRM,2023-09-07 17:00:00+00:00,28.72,28.95,28.7,28.9,144987.0,1083.0,28.789705
MIRM,2023-09-07 18:00:00+00:00,28.92,29.06,28.83,29.0,121613.0,1364.0,28.963684
MIRM,2023-09-07 19:00:00+00:00,29.05,29.06,28.8,28.81,276338.0,4078.0,28.933612
MIRM,2023-09-07 20:00:00+00:00,28.82,28.84,28.82,28.84,48911.0,6.0,28.820064
MIRM,2023-09-08 13:00:00+00:00,28.96,29.31,28.8,29.25,21137.0,246.0,29.133927
MIRM,2023-09-08 14:00:00+00:00,29.22,29.34,28.96,29.13,58384.0,884.0,29.176556
MIRM,2023-09-08 15:00:00+00:00,29.13,29.45,29.1,29.4,92296.0,1102.0,29.269188
MIRM,2023-09-08 16:00:00+00:00,29.44,29.44,29.25,29.4,43295.0,692.0,29.352644
MIRM,2023-09-08 17:00:00+00:00,29.4,29.6699,29.37,29.6,33061.0,546.0,29.57416
MIRM,2023-09-08 18:00:00+00:00,29.6,29.6,29.27,29.55,189590.0,1257.0,29.380484
MIRM,2023-09-08 19:00:00+00:00,29.55,29.775,29.49,29.69,142345.0,2523.0,29.632496
MIRM,2023-09-08 20:00:00+00:00,29.73,29.73,29.45,29.45,32154.0,10.0,29.724775
MIRM,2023-09-08 23:00:00+00:00,29.36,29.36,29.36,29.36,100.0,1.0,29.36
MIRM,2023-09-11 13:00:00+00:00,29.7,30.06,29.28,29.795,80288.0,845.0,29.84547
MIRM,2023-09-11 14:00:00+00:00,29.795,30.2,29.285,30.135,203146.0,1525.0,29.687089
MIRM,2023-09-11 15:00:00+00:00,30.135,30.31,29.95,30.21,215168.0,2197.0,30.136157
MIRM,2023-09-11 16:00:00+00:00,30.225,30.29,30.15,30.185,72784.0,1021.0,30.227077
MIRM,2023-09-11 17:00:00+00:00,30.17,30.44,30.15,30.4,95239.0,1324.0,30.294386
MIRM,2023-09-11 18:00:00+00:00,30.4,30.77,30.37,30.57,142232.0,2115.0,30.556838
MIRM,2023-09-11 19:00:00+00:00,30.61,30.64,30.21,30.44,316493.0,3951.0,30.407335
MIRM,2023-09-11 20:00:00+00:00,30.43,30.43,30.43,30.43,34709.0,9.0,30.43
MIRM,2023-09-12 13:00:00+00:00,30.32,30.44,29.6,30.36,70025.0,694.0,30.230036
MIRM,2023-09-12 14:00:00+00:00,30.325,30.66,30.27,30.55,115327.0,1794.0,30.476031
MIRM,2023-09-12 15:00:00+00:00,30.56,30.71,30.47,30.59,38340.0,913.0,30.600889
MIRM,2023-09-12 16:00:00+00:00,30.635,30.85,30.59,30.83,41700.0,959.0,30.768431
MIRM,2023-09-12 17:00:00+00:00,30.851,30.851,30.635,30.78,58636.0,1239.0,30.7304
MIRM,2023-09-12 18:00:00+00:00,30.785,30.84,30.65,30.815,55593.0,1219.0,30.757459
MIRM,2023-09-12 19:00:00+00:00,30.83,31.18,30.68,31.03,141754.0,2349.0,30.949065
MIRM,2023-09-12 20:00:00+00:00,31.06,31.06,31.06,31.06,29805.0,11.0,31.06
MIRM,2023-09-12 22:00:00+00:00,31.0,31.33,31.0,31.33,2400.0,4.0,31.032084
MIRM,2023-09-13 13:00:00+00:00,31.57,32.0,31.345,31.38,112112.0,863.0,31.606662
MIRM,2023-09-13 14:00:00+00:00,31.41,31.72,31.29,31.35,41044.0,934.0,31.474731
MIRM,2023-09-13 15:00:00+00:00,31.34,31.37,30.84,31.35,159214.0,1638.0,31.0685
MIRM,2023-09-13 16:00:00+00:00,31.39,31.42,31.17,31.19,28165.0,920.0,31.290439
MIRM,2023-09-13 17:00:00+00:00,31.14,31.295,30.93,30.97,283205.0,1785.0,31.134858
MIRM,2023-09-13 18:00:00+00:00,31.01,31.2,30.56,30.59,56880.0,1724.0,30.868436
MIRM,2023-09-13 19:00:00+00:00,30.59,30.68,29.95,29.965,440313.0,4887.0,30.338863
MIRM,2023-09-13 20:00:00+00:00,29.96,29.96,29.96,29.96,28447.0,11.0,29.96
MIRM,2023-09-13 21:00:00+00:00,30.1,30.1,30.1,30.1,1802.0,3.0,30.09955
MIRM,2023-09-13 22:00:00+00:00,30.1,30.1,30.1,30.1,158.0,1.0,30.1
MIRM,2023-09-14 13:00:00+00:00,30.21,30.21,29.69,29.84,121705.0,652.0,29.837992
MIRM,2023-09-14 14:00:00+00:00,30.0,32.14,29.8,32.1,1678007.0,2091.0,29.886204
MIRM,2023-09-14 15:00:00+00:00,32.12,32.3,31.54,31.78,182234.0,2533.0,32.012075
MIRM,2023-09-14 16:00:00+00:00,31.77,31.8699,31.55,31.805,48614.0,1118.0,31.719507
MIRM,2023-09-14 17:00:00+00:00,31.79,32.2,31.72,31.86,167456.0,2040.0,31.967228
MIRM,2023-09-14 18:00:00+00:00,31.84,32.48,31.79,32.175,150566.0,2236.0,32.055944
MIRM,2023-09-14 19:00:00+00:00,32.18,32.53,32.18,32.32,146324.0,3043.0,32.394523
MIRM,2023-09-14 20:00:00+00:00,32.36,32.36,32.36,32.36,33655.0,9.0,32.36
MIRM,2023-09-14 22:00:00+00:00,32.94,32.94,32.94,32.94,250.0,1.0,32.94
MIRM,2023-09-15 12:00:00+00:00,33.34,33.34,33.0,33.33,1000.0,8.0,33.302
MIRM,2023-09-15 13:00:00+00:00,32.72,32.72,32.0,32.4,328569.0,1006.0,32.362111
MIRM,2023-09-15 14:00:00+00:00,32.5572,32.7,32.31,32.46,90858.0,1482.0,32.557555
MIRM,2023-09-15 15:00:00+00:00,32.5,32.7,32.3,32.47,87052.0,1502.0,32.574285
MIRM,2023-09-15 16:00:00+00:00,32.525,32.63,32.3,32.375,61317.0,1120.0,32.452538
MIRM,2023-09-15 17:00:00+00:00,32.37,32.37,31.92,32.27,353467.0,1023.0,32.224756
MIRM,2023-09-15 18:00:00+00:00,32.29,32.53,32.1515,32.37,63704.0,1448.0,32.354053
MIRM,2023-09-15 19:00:00+00:00,32.355,32.86,32.25,32.85,238172.0,3825.0,32.654121
MIRM,2023-09-15 20:00:00+00:00,32.85,32.95,32.7,32.95,642448.0,26.0,32.849857
MIRM,2023-09-18 12:00:00+00:00,33.73,33.73,33.69,33.69,402.0,2.0,33.72005
MIRM,2023-09-18 13:00:00+00:00,32.94,33.3934,32.74,32.795,49966.0,819.0,33.018671
MIRM,2023-09-18 14:00:00+00:00,32.7,32.99,32.5,32.57,87869.0,1444.0,32.639777
MIRM,2023-09-18 15:00:00+00:00,32.57,32.65,32.435,32.53,54971.0,1167.0,32.562916
MIRM,2023-09-18 16:00:00+00:00,32.53,32.665,32.4,32.475,68483.0,1223.0,32.552128
MIRM,2023-09-18 17:00:00+00:00,32.5,32.6,31.92,32.18,80531.0,1145.0,32.302296
MIRM,2023-09-18 18:00:00+00:00,32.16,32.23,31.95,32.08,68426.0,1061.0,32.107644
MIRM,2023-09-18 19:00:00+00:00,32.11,32.45,32.06,32.115,158853.0,2660.0,32.252062
MIRM,2023-09-18 20:00:00+00:00,32.11,32.11,32.11,32.11,60768.0,12.0,32.11
MIRM,2023-09-19 13:00:00+00:00,32.25,32.25,31.39,31.53,38291.0,484.0,31.728505
MIRM,2023-09-19 14:00:00+00:00,31.525,31.8,31.42,31.605,49583.0,1107.0,31.652028
MIRM,2023-09-19 15:00:00+00:00,31.6,31.62,31.28,31.325,40715.0,905.0,31.446279
MIRM,2023-09-19 16:00:00+00:00,31.325,31.46,31.1566,31.24,30038.0,786.0,31.280956
MIRM,2023-09-19 17:00:00+00:00,31.275,31.28,31.105,31.195,44599.0,972.0,31.208033
MIRM,2023-09-19 18:00:00+00:00,31.21,31.23,30.95,31.11,59529.0,1324.0,31.088527
MIRM,2023-09-19 19:00:00+00:00,31.135,31.175,30.99,30.99,96221.0,2249.0,31.079216
MIRM,2023-09-19 20:00:00+00:00,31.01,31.01,31.0,31.0,55110.0,13.0,31.000018
MIRM,2023-09-19 21:00:00+00:00,30.72,30.72,30.72,30.72,345.0,1.0,30.72
MIRM,2023-09-20 11:00:00+00:00,31.53,31.53,31.53,31.53,200.0,3.0,31.525
MIRM,2023-09-20 12:00:00+00:00,31.5101,31.5101,31.51,31.51,201.0,3.0,31.513731
MIRM,2023-09-20 13:00:00+00:00,32.27,32.45,31.773,32.06,99322.0,1235.0,32.173457
MIRM,2023-09-20 14:00:00+00:00,32.09,32.1038,31.583,31.81,148724.0,2406.0,31.92619
MIRM,2023-09-20 15:00:00+00:00,31.7825,32.0075,31.76,31.97,79920.0,1406.0,31.942926
MIRM,2023-09-20 16:00:00+00:00,31.95,31.97,31.77,31.88,69331.0,1205.0,31.901574
MIRM,2023-09-20 17:00:00+00:00,31.85,31.9,31.74,31.74,80626.0,1376.0,31.812739
MIRM,2023-09-20 18:00:00+00:00,31.745,31.81,31.48,31.5,77120.0,1613.0,31.641324
MIRM,2023-09-20 19:00:00+00:00,31.51,31.57,31.06,31.07,181301.0,3402.0,31.257189
MIRM,2023-09-20 20:00:00+00:00,31.08,31.08,31.08,31.08,62964.0,13.0,31.08
MIRM,2023-09-21 13:00:00+00:00,30.95,31.03,30.54,30.78,55015.0,851.0,30.846259
MIRM,2023-09-21 14:00:00+00:00,30.84,31.38,30.8,31.14,76684.0,1469.0,31.121155
MIRM,2023-09-21 15:00:00+00:00,31.13,31.14,30.9,31.04,31767.0,780.0,31.051782
MIRM,2023-09-21 16:00:00+00:00,31.03,31.215,30.78,31.11,35737.0,855.0,30.988056
MIRM,2023-09-21 17:00:00+00:00,31.12,31.33,31.06,31.2182,33367.0,846.0,31.180534
MIRM,2023-09-21 18:00:00+00:00,31.2,31.71,31.16,31.71,39589.0,935.0,31.392631
MIRM,2023-09-21 19:00:00+00:00,31.7,32.02,31.7,31.89,161181.0,3091.0,31.934745
MIRM,2023-09-21 20:00:00+00:00,31.92,31.92,31.92,31.92,53580.0,13.0,31.92
MIRM,2023-09-22 13:00:00+00:00,31.93,32.12,31.84,31.94,15071.0,206.0,31.942419
MIRM,2023-09-22 14:00:00+00:00,31.84,31.85,31.26,31.3175,27849.0,624.0,31.544893
MIRM,2023-09-22 15:00:00+00:00,31.315,31.315,30.97,31.06,18987.0,545.0,31.105483
MIRM,2023-09-22 16:00:00+00:00,31.085,31.09,30.78,31.0,24456.0,505.0,30.970618
MIRM,2023-09-22 17:00:00+00:00,30.98,31.065,30.84,30.995,22865.0,419.0,30.937897
MIRM,2023-09-22 18:00:00+00:00,30.995,31.13,30.79,31.02,71437.0,1107.0,31.003667
MIRM,2023-09-22 19:00:00+00:00,30.99,31.02,30.69,30.72,58545.0,1635.0,30.822379
MIRM,2023-09-22 20:00:00+00:00,30.72,30.72,30.72,30.72,46918.0,4.0,30.72
MIRM,2023-09-25 12:00:00+00:00,31.27,31.27,31.27,31.27,100.0,1.0,31.27
MIRM,2023-09-25 13:00:00+00:00,30.75,30.75,30.22,30.72,20800.0,257.0,30.505844
MIRM,2023-09-25 14:00:00+00:00,30.7,30.93,30.5,30.67,22114.0,575.0,30.695397
MIRM,2023-09-25 15:00:00+00:00,30.68,30.88,30.615,30.775,23504.0,631.0,30.745405
MIRM,2023-09-25 16:00:00+00:00,30.77,30.93,30.66,30.885,13960.0,500.0,30.81378
MIRM,2023-09-25 17:00:00+00:00,30.9,31.17,30.705,31.01,39974.0,759.0,30.911184
MIRM,2023-09-25 18:00:00+00:00,31.02,31.18,30.93,31.06,97927.0,875.0,31.018424
MIRM,2023-09-25 19:00:00+00:00,31.08,31.28,30.91,30.94,72402.0,1982.0,31.07752
MIRM,2023-09-25 20:00:00+00:00,30.96,30.96,30.96,30.96,38712.0,14.0,30.96
MIRM,2023-09-26 13:00:00+00:00,31.13,31.63,31.13,31.25,77074.0,603.0,31.439417
MIRM,2023-09-26 14:00:00+00:00,31.215,31.3,31.03,31.3,25723.0,480.0,31.205436
MIRM,2023-09-26 15:00:00+00:00,31.3,31.37,31.21,31.28,16582.0,373.0,31.301923
MIRM,2023-09-26 16:00:00+00:00,31.27,31.3313,31.09,31.15,27374.0,539.0,31.221007
MIRM,2023-09-26 17:00:00+00:00,31.17,31.17,30.825,30.85,13267.0,365.0,30.969874
MIRM,2023-09-26 18:00:00+00:00,30.84,30.84,30.72,30.73,20821.0,667.0,30.774586
MIRM,2023-09-26 19:00:00+00:00,30.75,30.82,30.35,30.35,83255.0,1837.0,30.472
MIRM,2023-09-26 20:00:00+00:00,30.38,30.38,30.38,30.38,66968.0,12.0,30.38
MIRM,2023-09-27 09:00:00+00:00,32.26,32.26,32.26,32.26,300.0,4.0,32.228767
MIRM,2023-09-27 13:00:00+00:00,30.47,30.79,30.35,30.52,28695.0,431.0,30.543973
MIRM,2023-09-27 14:00:00+00:00,30.58,30.82,30.495,30.7055,28424.0,730.0,30.716032
MIRM,2023-09-27 15:00:00+00:00,30.72,31.0327,30.72,30.86,30499.0,731.0,30.902503
MIRM,2023-09-27 16:00:00+00:00,30.85,30.86,30.59,30.59,20024.0,597.0,30.719895
MIRM,2023-09-27 17:00:00+00:00,30.575,30.9199,30.575,30.81,37849.0,717.0,30.744368
MIRM,2023-09-27 18:00:00+00:00,30.8,30.97,30.79,30.905,65265.0,1125.0,30.893842
MIRM,2023-09-27 19:00:00+00:00,30.88,30.9,30.7,30.79,84851.0,1691.0,30.789707
MIRM,2023-09-27 20:00:00+00:00,30.8,30.8,30.8,30.8,43450.0,10.0,30.8
MIRM,2023-09-28 12:00:00+00:00,30.89,30.89,30.89,30.89,200.0,1.0,30.89
MIRM,2023-09-28 13:00:00+00:00,31.23,31.89,30.96,31.09,60153.0,695.0,31.349289
MIRM,2023-09-28 14:00:00+00:00,31.08,31.19,30.84,31.0999,44718.0,831.0,31.046295
MIRM,2023-09-28 15:00:00+00:00,31.06,31.15,30.93,31.12,46339.0,895.0,31.003352
MIRM,2023-09-28 16:00:00+00:00,31.09,31.35,31.07,31.155,32258.0,949.0,31.17276
MIRM,2023-09-28 17:00:00+00:00,31.16,31.33,31.11,31.29,31446.0,760.0,31.217345
MIRM,2023-09-28 18:00:00+00:00,31.31,31.46,31.23,31.4537,64314.0,1126.0,31.312955
MIRM,2023-09-28 19:00:00+00:00,31.445,31.82,31.445,31.55,145237.0,2853.0,31.639962
MIRM,2023-09-28 20:00:00+00:00,31.56,31.56,31.51,31.51,58586.0,14.0,31.559915
MIRM,2023-09-29 13:00:00+00:00,31.675,31.69,31.23,31.285,19593.0,290.0,31.531963
MIRM,2023-09-29 14:00:00+00:00,31.35,31.8434,31.34,31.805,28077.0,769.0,31.598934
MIRM,2023-09-29 15:00:00+00:00,31.79,31.85,31.42,31.575,32808.0,878.0,31.621537
MIRM,2023-09-29 16:00:00+00:00,31.59,31.66,31.54,31.575,18910.0,610.0,31.603001
MIRM,2023-09-29 17:00:00+00:00,31.585,31.76,31.545,31.735,15390.0,454.0,31.675836
MIRM,2023-09-29 18:00:00+00:00,31.73,31.73,31.53,31.675,31591.0,928.0,31.64247
MIRM,2023-09-29 19:00:00+00:00,31.69,31.705,31.545,31.57,103576.0,2560.0,31.61359
MIRM,2023-09-29 20:00:00+00:00,31.6,31.6,31.6,31.6,202277.0,15.0,31.6
MIRM,2023-09-29 21:00:00+00:00,31.55,31.55,31.55,31.55,500.0,1.0,31.55
MIRM,2023-10-02 12:00:00+00:00,32.09,36.57,32.06,32.06,6316.0,133.0,33.062272
MIRM,2023-10-02 13:00:00+00:00,31.9,32.0,29.32,29.92,122211.0,1272.0,30.642602
MIRM,2023-10-02 14:00:00+00:00,30.06,30.995,29.9541,30.93,75287.0,1490.0,30.648141
MIRM,2023-10-02 15:00:00+00:00,30.95,31.29,30.93,31.285,52413.0,788.0,31.075684
MIRM,2023-10-02 16:00:00+00:00,31.25,31.25,30.7,30.75,62251.0,1321.0,30.979307
MIRM,2023-10-02 17:00:00+00:00,30.7,30.71,30.19,30.19,37140.0,990.0,30.443329
MIRM,2023-10-02 18:00:00+00:00,30.17,30.29,29.65,29.807,55686.0,1443.0,30.018588
MIRM,2023-10-02 19:00:00+00:00,29.785,29.835,29.21,29.32,171764.0,3611.0,29.417879
MIRM,2023-10-02 20:00:00+00:00,29.3,29.3,29.3,29.3,76537.0,12.0,29.3
MIRM,2023-10-03 13:00:00+00:00,29.72,29.94,29.19,29.19,31237.0,454.0,29.626103
MIRM,2023-10-03 14:00:00+00:00,29.19,29.56,29.09,29.36,54275.0,1160.0,29.339798
MIRM,2023-10-03 15:00:00+00:00,29.36,29.9954,29.3,29.89,37095.0,1019.0,29.697437
MIRM,2023-10-03 16:00:00+00:00,29.87,30.08,29.71,29.835,48380.0,1210.0,29.874791
MIRM,2023-10-03 17:00:00+00:00,29.822,30.01,29.81,29.94,66685.0,1366.0,29.935139
MIRM,2023-10-03 18:00:00+00:00,29.925,29.995,29.61,29.963,35927.0,947.0,29.814361
MIRM,2023-10-03 19:00:00+00:00,29.98,29.99,29.75,29.76,89048.0,2344.0,29.854124
MIRM,2023-10-03 20:00:00+00:00,29.77,29.77,29.77,29.77,36113.0,11.0,29.77
MIRM,2023-10-03 22:00:00+00:00,29.22,29.22,29.22,29.22,100.0,1.0,29.22
MIRM,2023-10-04 13:00:00+00:00,29.49,29.56,28.83,29.09,24860.0,381.0,29.135962
MIRM,2023-10-04 14:00:00+00:00,29.07,29.1099,28.73,28.85,34440.0,771.0,28.879218
MIRM,2023-10-04 15:00:00+00:00,28.85,28.925,28.55,28.64,24330.0,680.0,28.727185
MIRM,2023-10-04 16:00:00+00:00,28.69,28.94,28.44,28.79,41708.0,1017.0,28.686174
MIRM,2023-10-04 17:00:00+00:00,28.8,29.01,28.645,28.78,55005.0,935.0,28.863979
MIRM,2023-10-04 18:00:00+00:00,28.78,28.99,28.77,28.82,31101.0,988.0,28.896608
MIRM,2023-10-04 19:00:00+00:00,28.83,28.89,28.44,28.65,109795.0,2500.0,28.647302
MIRM,2023-10-04 20:00:00+00:00,28.65,28.65,28.65,28.65,59568.0,10.0,28.64998
MIRM,2023-10-05 13:00:00+00:00,28.56,28.98,28.56,28.82,5461.0,248.0,28.737387
MIRM,2023-10-05 14:00:00+00:00,28.88,29.04,28.63,28.99,24330.0,670.0,28.836719
MIRM,2023-10-05 15:00:00+00:00,29.0216,29.165,28.92,29.12,16672.0,529.0,29.058179
MIRM,2023-10-05 16:00:00+00:00,29.14,29.28,28.99,29.21,13492.0,457.0,29.140012
MIRM,2023-10-05 17:00:00+00:00,29.245,29.29,28.99,29.24,18689.0,516.0,29.153361
MIRM,2023-10-05 18:00:00+00:00,29.19,29.64,29.19,29.59,28461.0,909.0,29.455743
MIRM,2023-10-05 19:00:00+00:00,29.575,29.69,29.445,29.63,83821.0,1808.0,29.594346
MIRM,2023-10-05 20:00:00+00:00,29.63,29.63,29.63,29.63,86192.0,15.0,29.63
MIRM,2023-10-06 12:00:00+00:00,30.24,30.24,30.24,30.24,102.0,2.0,30.24
MIRM,2023-10-06 13:00:00+00:00,29.33,29.7799,29.33,29.61,12024.0,278.0,29.533133
MIRM,2023-10-06 14:00:00+00:00,29.52,30.1,29.415,30.1,20897.0,381.0,29.790421
MIRM,2023-10-06 15:00:00+00:00,30.12,30.15,29.76,29.9,22576.0,475.0,29.91219
MIRM,2023-10-06 16:00:00+00:00,29.99,30.13,29.89,29.9,10098.0,378.0,30.003229
MIRM,2023-10-06 17:00:00+00:00,29.9599,30.0151,29.87,29.91,21155.0,450.0,29.934469
MIRM,2023-10-06 18:00:00+00:00,29.9,29.99,29.87,29.89,14879.0,459.0,29.90797
MIRM,2023-10-06 19:00:00+00:00,29.9,30.01,29.7373,29.92,61288.0,1533.0,29.906364
MIRM,2023-10-06 20:00:00+00:00,29.92,29.92,29.92,29.92,21189.0,10.0,29.92003
MIRM,2023-10-09 13:00:00+00:00,29.83,29.93,29.4284,29.93,8612.0,213.0,29.692446
MIRM,2023-10-09 14:00:00+00:00,29.96,29.96,29.465,29.55,9978.0,299.0,29.658055
MIRM,2023-10-09 15:00:00+00:00,29.48,29.88,29.44,29.67,12525.0,484.0,29.655187
MIRM,2023-10-09 16:00:00+00:00,29.665,29.745,29.51,29.63,9190.0,354.0,29.599758
MIRM,2023-10-09 17:00:00+00:00,29.64,29.88,29.64,29.845,12598.0,529.0,29.774315
MIRM,2023-10-09 18:00:00+00:00,29.82,29.88,29.72,29.83,23021.0,801.0,29.798983
MIRM,2023-10-09 19:00:00+00:00,29.845,30.46,29.845,30.433,141778.0,3363.0,30.298652
MIRM,2023-10-09 20:00:00+00:00,30.44,30.44,30.44,30.44,37871.0,11.0,30.44
MIRM,2023-10-10 13:00:00+00:00,30.28,30.36,29.89,30.16,9417.0,294.0,30.172661
MIRM,2023-10-10 14:00:00+00:00,30.22,30.3,30.02,30.2,20750.0,825.0,30.153981
MIRM,2023-10-10 15:00:00+00:00,30.27,30.64,30.27,30.64,35629.0,1066.0,30.491599
MIRM,2023-10-10 16:00:00+00:00,30.56,30.58,30.48,30.535,21720.0,640.0,30.52278
MIRM,2023-10-10 17:00:00+00:00,30.5,30.92,30.42,30.6,32419.0,755.0,30.593808
MIRM,2023-10-10 18:00:00+00:00,30.58,30.82,30.5,30.69,33564.0,984.0,30.701557
MIRM,2023-10-10 19:00:00+00:00,30.6932,30.9,30.56,30.57,105228.0,2372.0,30.765909
MIRM,2023-10-10 20:00:00+00:00,30.57,30.57,30.57,30.57,84798.0,13.0,30.57
MIRM,2023-10-11 13:00:00+00:00,30.63,30.8699,30.49,30.67,12026.0,136.0,30.715167
MIRM,2023-10-11 14:00:00+00:00,30.645,30.645,29.66,29.76,22780.0,731.0,29.985886
MIRM,2023-10-11 15:00:00+00:00,29.7183,29.75,29.065,29.33,17132.0,512.0,29.398753
MIRM,2023-10-11 16:00:00+00:00,29.35,29.7,29.12,29.2,34530.0,816.0,29.419244
MIRM,2023-10-11 17:00:00+00:00,29.205,29.24,28.83,28.93,24048.0,809.0,29.066024
MIRM,2023-10-11 18:00:00+00:00,28.9,29.19,28.78,28.78,35780.0,1157.0,29.040326
MIRM,2023-10-11 19:00:00+00:00,28.815,28.94,28.62,28.8,109299.0,3046.0,28.775553
MIRM,2023-10-11 20:00:00+00:00,28.8,28.8,28.8,28.8,80767.0,13.0,28.8
MIRM,2023-10-12 13:00:00+00:00,28.64,28.72,28.41,28.62,13951.0,309.0,28.547438
MIRM,2023-10-12 14:00:00+00:00,28.78,28.85,28.29,28.45,17265.0,587.0,28.574504
MIRM,2023-10-12 15:00:00+00:00,28.475,28.65,28.11,28.47,29889.0,733.0,28.428899
MIRM,2023-10-12 16:00:00+00:00,28.47,28.54,28.23,28.39,25179.0,710.0,28.417917
MIRM,2023-10-12 17:00:00+00:00,28.39,28.42,28.07,28.07,28477.0,635.0,28.294729
MIRM,2023-10-12 18:00:00+00:00,28.08,28.22,27.75,27.879,32254.0,898.0,28.017886
MIRM,2023-10-12 19:00:00+00:00,27.88,28.16,27.88,28.01,72201.0,2003.0,28.052106
MIRM,2023-10-12 20:00:00+00:00,28.04,28.04,28.04,28.04,97373.0,15.0,28.04
MIRM,2023-10-13 13:00:00+00:00,28.11,28.11,27.75,27.945,13359.0,360.0,27.919033
MIRM,2023-10-13 14:00:00+00:00,27.895,28.18,27.765,28.0899,25477.0,686.0,27.995248
MIRM,2023-10-13 15:00:00+00:00,28.11,28.2,27.6,27.905,49544.0,900.0,27.854547
MIRM,2023-10-13 16:00:00+00:00,27.895,28.23,27.895,28.08,19587.0,450.0,28.095957
MIRM,2023-10-13 17:00:00+00:00,28.11,28.25,28.06,28.25,8075.0,260.0,28.129839
MIRM,2023-10-13 18:00:00+00:00,28.231,28.27,27.93,27.94,21618.0,549.0,28.087841
MIRM,2023-10-13 19:00:00+00:00,27.96,28.16,27.96,28.125,52392.0,1377.0,28.055843
MIRM,2023-10-13 20:00:00+00:00,28.12,28.12,28.12,28.12,54361.0,8.0,28.12
MIRM,2023-10-13 21:00:00+00:00,28.0,28.0,28.0,28.0,203.0,3.0,27.999852
MIRM,2023-10-16 13:00:00+00:00,27.8,27.805,26.76,26.985,45873.0,545.0,27.145235
MIRM,2023-10-16 14:00:00+00:00,27.105,27.6,26.985,27.33,42991.0,1042.0,27.381381
MIRM,2023-10-16 15:00:00+00:00,27.34,27.89,27.2801,27.89,22949.0,672.0,27.632603
MIRM,2023-10-16 16:00:00+00:00,27.88,28.28,27.73,28.2,43937.0,825.0,28.056651
MIRM,2023-10-16 17:00:00+00:00,28.2,28.29,27.98,28.13,21607.0,662.0,28.127699
MIRM,2023-10-16 18:00:00+00:00,28.14,28.18,27.87,27.875,8795.0,377.0,27.997826
MIRM,2023-10-16 19:00:00+00:00,27.89,28.01,27.75,27.89,65343.0,1904.0,27.896559
MIRM,2023-10-16 20:00:00+00:00,27.89,27.89,27.89,27.89,51723.0,14.0,27.889981
MIRM,2023-10-17 13:00:00+00:00,28.27,29.42,28.27,29.1,27843.0,628.0,28.903631
MIRM,2023-10-17 14:00:00+00:00,29.04,29.21,28.73,28.78,31542.0,768.0,28.940998
MIRM,2023-10-17 15:00:00+00:00,28.71,29.12,28.62,29.12,18691.0,592.0,28.830263
MIRM,2023-10-17 16:00:00+00:00,29.135,29.28,28.94,29.2,21918.0,593.0,29.123682
MIRM,2023-10-17 17:00:00+00:00,29.24,29.28,28.95,29.01,23082.0,603.0,29.092247
MIRM,2023-10-17 18:00:00+00:00,29.04,29.14,28.94,28.99,21967.0,756.0,29.032028
MIRM,2023-10-17 19:00:00+00:00,28.99,29.12,28.88,28.88,61930.0,1781.0,28.999965
MIRM,2023-10-17 20:00:00+00:00,28.91,28.91,28.75,28.75,52614.0,14.0,28.908361
MIRM,2023-10-17 22:00:00+00:00,27.27,27.27,27.27,27.27,166.0,4.0,27.268675
MIRM,2023-10-18 11:00:00+00:00,27.75,27.75,27.75,27.75,200.0,2.0,27.7497
MIRM,2023-10-18 12:00:00+00:00,27.75,27.75,27.75,27.75,212.0,2.0,27.75
MIRM,2023-10-18 13:00:00+00:00,27.51,28.51,27.49,28.17,64475.0,957.0,28.019152
MIRM,2023-10-18 14:00:00+00:00,28.0,28.53,27.81,28.4,43980.0,1006.0,28.203578
MIRM,2023-10-18 15:00:00+00:00,28.44,28.49,28.16,28.26,18594.0,643.0,28.356818
MIRM,2023-10-18 16:00:00+00:00,28.29,28.29,27.62,27.715,24808.0,629.0,27.926208
MIRM,2023-10-18 17:00:00+00:00,27.72,28.09,27.59,27.88,59978.0,1383.0,27.934432
MIRM,2023-10-18 18:00:00+00:00,27.84,28.05,27.66,27.99,57462.0,1343.0,27.915988
MIRM,2023-10-18 19:00:00+00:00,28.025,28.2,27.59,27.96,104595.0,2487.0,27.927165
MIRM,2023-10-18 20:00:00+00:00,27.96,27.96,27.96,27.96,62174.0,11.0,27.96
MIRM,2023-10-19 13:00:00+00:00,28.28,28.28,27.895,27.99,9941.0,180.0,28.064946
MIRM,2023-10-19 14:00:00+00:00,28.07,28.245,27.79,27.8,17173.0,640.0,28.106432
MIRM,2023-10-19 15:00:00+00:00,27.81,28.55,27.78,28.54,18545.0,673.0,28.207676
MIRM,2023-10-19 16:00:00+00:00,28.54,29.1,28.52,29.05,45252.0,1125.0,28.870088
MIRM,2023-10-19 17:00:00+00:00,29.09,29.17,28.8,28.949,28279.0,871.0,28.991951
MIRM,2023-10-19 18:00:00+00:00,28.96,29.09,28.91,28.93,39816.0,1013.0,28.998978
MIRM,2023-10-19 19:00:00+00:00,28.9625,29.3,28.9,28.9,96374.0,2095.0,29.031364
MIRM,2023-10-19 20:00:00+00:00,28.9,28.9,28.9,28.9,58956.0,8.0,28.9
MIRM,2023-10-20 13:00:00+00:00,29.25,29.4,28.7,29.3728,55501.0,360.0,29.260578
MIRM,2023-10-20 14:00:00+00:00,29.28,29.36,28.79,29.11,30999.0,537.0,28.953225
MIRM,2023-10-20 15:00:00+00:00,29.15,29.22,28.91,28.94,17491.0,541.0,29.082095
MIRM,2023-10-20 16:00:00+00:00,28.92,29.1099,28.83,29.07,8247.0,299.0,28.952252
MIRM,2023-10-20 17:00:00+00:00,29.0,29.38,29.0,29.32,22588.0,509.0,29.20341
MIRM,2023-10-20 18:00:00+00:00,29.3,29.38,29.18,29.36,26094.0,809.0,29.321971
MIRM,2023-10-20 19:00:00+00:00,29.39,29.5,28.86,28.91,64587.0,1838.0,29.079758
MIRM,2023-10-20 20:00:00+00:00,28.9,28.9,28.9,28.9,46511.0,8.0,28.9
MIRM,2023-10-23 13:00:00+00:00,28.36,28.4,27.79,28.27,11791.0,177.0,28.24712
MIRM,2023-10-23 14:00:00+00:00,28.44,28.44,28.03,28.31,14315.0,542.0,28.214301
MIRM,2023-10-23 15:00:00+00:00,28.4,28.82,28.27,28.39,23620.0,734.0,28.530518
MIRM,2023-10-23 16:00:00+00:00,28.38,28.505,28.12,28.505,30720.0,572.0,28.223236
MIRM,2023-10-23 17:00:00+00:00,28.44,28.465,27.91,27.91,14258.0,509.0,28.208275
MIRM,2023-10-23 18:00:00+00:00,27.89,28.12,27.83,28.05,17414.0,654.0,28.000555
MIRM,2023-10-23 19:00:00+00:00,28.08,28.12,27.8,27.88,107183.0,2534.0,27.98128
MIRM,2023-10-23 20:00:00+00:00,27.89,27.89,27.89,27.89,36410.0,8.0,27.89
MIRM,2023-10-24 12:00:00+00:00,28.15,28.15,28.0,28.0,700.0,4.0,28.042871
MIRM,2023-10-24 13:00:00+00:00,29.04,29.35,28.605,29.015,30634.0,518.0,29.101484
MIRM,2023-10-24 14:00:00+00:00,28.92,29.37,28.84,29.37,36302.0,1029.0,29.09825
MIRM,2023-10-24 15:00:00+00:00,29.4,29.84,29.36,29.785,34403.0,953.0,29.612686
MIRM,2023-10-24 16:00:00+00:00,29.785,30.07,29.45,29.63,85112.0,1091.0,29.913884
MIRM,2023-10-24 17:00:00+00:00,29.635,29.695,29.35,29.355,35162.0,746.0,29.582935
MIRM,2023-10-24 18:00:00+00:00,29.337,29.385,29.165,29.24,26650.0,783.0,29.278384
MIRM,2023-10-24 19:00:00+00:00,29.24,29.24,28.79,28.89,154364.0,2494.0,28.985809
MIRM,2023-10-24 20:00:00+00:00,28.89,28.89,27.88,28.89,50926.0,18.0,28.884895
MIRM,2023-10-25 13:00:00+00:00,28.66,28.66,28.42,28.425,5749.0,137.0,28.619134
MIRM,2023-10-25 14:00:00+00:00,28.17,28.265,27.61,27.83,21123.0,730.0,27.811984
MIRM,2023-10-25 15:00:00+00:00,27.85,27.9,27.65,27.79,21611.0,645.0,27.822191
MIRM,2023-10-25 16:00:00+00:00,27.89,27.89,27.48,27.55,15754.0,511.0,27.648559
MIRM,2023-10-25 17:00:00+00:00,27.5225,27.54,27.27,27.46,15341.0,490.0,27.371274
MIRM,2023-10-25 18:00:00+00:00,27.42,27.435,27.27,27.33,20913.0,722.0,27.34979
MIRM,2023-10-25 19:00:00+00:00,27.36,27.57,27.26,27.53,105639.0,2516.0,27.41235
MIRM,2023-10-25 20:00:00+00:00,27.49,27.49,27.49,27.49,53156.0,7.0,27.49
MIRM,2023-10-26 13:00:00+00:00,27.77,27.77,27.4396,27.675,3758.0,57.0,27.680761
MIRM,2023-10-26 14:00:00+00:00,27.7399,28.1,27.58,28.035,16100.0,518.0,27.833607
MIRM,2023-10-26 15:00:00+00:00,28.07,28.08,27.88,28.04,17770.0,553.0,27.982343
MIRM,2023-10-26 16:00:00+00:00,28.0,28.05,27.79,27.985,16769.0,442.0,27.931029
MIRM,2023-10-26 17:00:00+00:00,27.995,28.15,27.85,28.15,16470.0,450.0,27.96793
MIRM,2023-10-26 18:00:00+00:00,28.14,28.14,27.69,27.75,21455.0,648.0,27.890193
MIRM,2023-10-26 19:00:00+00:00,27.74,27.76,27.39,27.55,111074.0,1909.0,27.573302
MIRM,2023-10-26 20:00:00+00:00,27.54,27.54,27.54,27.54,40470.0,11.0,27.54
MIRM,2023-10-27 13:00:00+00:00,27.7,27.7,27.14,27.24,6141.0,129.0,27.431223
MIRM,2023-10-27 14:00:00+00:00,27.2,27.26,26.95,26.95,38413.0,469.0,27.162914
MIRM,2023-10-27 15:00:00+00:00,26.89,27.14,26.84,26.84,47292.0,609.0,27.005734
MIRM,2023-10-27 16:00:00+00:00,26.87,27.02,26.79,26.95,29696.0,551.0,26.951194
MIRM,2023-10-27 17:00:00+00:00,26.97,27.28,26.915,27.125,83840.0,899.0,27.069242
MIRM,2023-10-27 18:00:00+00:00,27.115,27.29,27.05,27.26,13694.0,364.0,27.170379
MIRM,2023-10-27 19:00:00+00:00,27.23,27.42,27.08,27.17,67661.0,1559.0,27.237318
MIRM,2023-10-27 20:00:00+00:00,27.14,27.14,27.14,27.14,63389.0,7.0,27.14
MIRM,2023-10-30 13:00:00+00:00,27.37,27.7,27.2834,27.61,10754.0,201.0,27.522015
MIRM,2023-10-30 14:00:00+00:00,27.59,27.59,27.12,27.17,20116.0,416.0,27.226262
MIRM,2023-10-30 15:00:00+00:00,27.21,27.41,27.21,27.41,14883.0,482.0,27.337628
MIRM,2023-10-30 16:00:00+00:00,27.36,27.395,27.104,27.13,7402.0,219.0,27.29249
MIRM,2023-10-30 17:00:00+00:00,27.14,27.21,27.04,27.11,15381.0,383.0,27.130588
MIRM,2023-10-30 18:00:00+00:00,27.11,27.41,27.06,27.32,18121.0,492.0,27.225131
MIRM,2023-10-30 19:00:00+00:00,27.34,27.37,27.18,27.22,34835.0,1219.0,27.256534
MIRM,2023-10-30 20:00:00+00:00,27.25,27.25,27.25,27.25,34783.0,12.0,27.25
MIRM,2023-10-31 13:00:00+00:00,27.19,27.395,26.91,27.06,17482.0,256.0,27.103579
MIRM,2023-10-31 14:00:00+00:00,27.08,27.42,26.9319,27.26,32849.0,830.0,27.224732
MIRM,2023-10-31 15:00:00+00:00,27.275,27.49,27.035,27.395,30372.0,752.0,27.196767
MIRM,2023-10-31 16:00:00+00:00,27.36,27.48,27.29,27.335,21614.0,524.0,27.35761
MIRM,2023-10-31 17:00:00+00:00,27.31,27.5,27.31,27.48,39324.0,989.0,27.42497
MIRM,2023-10-31 18:00:00+00:00,27.4564,27.68,27.4564,27.51,75597.0,1266.0,27.513325
MIRM,2023-10-31 19:00:00+00:00,27.4901,27.54,27.25,27.41,128337.0,2082.0,27.427248
MIRM,2023-10-31 20:00:00+00:00,27.41,27.43,27.41,27.43,64850.0,12.0,27.429874
MIRM,2023-10-31 21:00:00+00:00,27.55,27.55,27.55,27.55,342.0,1.0,27.55
MIRM,2023-11-01 12:00:00+00:00,27.43,27.43,27.43,27.43,1220.0,1.0,27.43
MIRM,2023-11-01 13:00:00+00:00,27.43,27.57,27.15,27.22,41594.0,141.0,27.402022
MIRM,2023-11-01 14:00:00+00:00,27.215,27.64,27.215,27.52,76497.0,1069.0,27.474922
MIRM,2023-11-01 15:00:00+00:00,27.57,27.74,27.545,27.73,13111.0,508.0,27.61817
MIRM,2023-11-01 16:00:00+00:00,27.68,27.91,27.61,27.74,28037.0,540.0,27.810631
MIRM,2023-11-01 17:00:00+00:00,27.75,28.08,27.66,28.055,35948.0,723.0,27.929467
MIRM,2023-11-01 18:00:00+00:00,28.08,28.49,28.02,28.42,43182.0,848.0,28.165768
MIRM,2023-11-01 19:00:00+00:00,28.47,28.745,28.25,28.4,145185.0,2766.0,28.438922
MIRM,2023-11-01 20:00:00+00:00,28.42,28.42,28.42,28.42,60428.0,8.0,28.42
MIRM,2023-11-02 12:00:00+00:00,28.0,28.0,28.0,28.0,600.0,1.0,28.0
MIRM,2023-11-02 13:00:00+00:00,28.5,28.87,28.11,28.87,11636.0,179.0,28.611968
MIRM,2023-11-02 14:00:00+00:00,28.73,28.85,28.4,28.6,41275.0,859.0,28.614099
MIRM,2023-11-02 15:00:00+00:00,28.66,28.7,27.99,28.12,31527.0,737.0,28.308602
MIRM,2023-11-02 16:00:00+00:00,28.12,28.4,28.084,28.11,25498.0,609.0,28.235827
MIRM,2023-11-02 17:00:00+00:00,28.13,28.315,28.103,28.12,19581.0,482.0,28.187334
MIRM,2023-11-02 18:00:00+00:00,28.09,28.18,27.75,28.1,44501.0,877.0,27.935864
MIRM,2023-11-02 19:00:00+00:00,28.06,28.51,28.06,28.36,178279.0,2505.0,28.364632
MIRM,2023-11-02 20:00:00+00:00,28.39,28.86,28.39,28.86,46180.0,11.0,28.394031
MIRM,2023-11-02 21:00:00+00:00,28.86,28.86,28.86,28.86,100.0,1.0,28.86
MIRM,2023-11-03 11:00:00+00:00,28.99,28.99,28.99,28.99,100.0,1.0,28.99
MIRM,2023-11-03 12:00:00+00:00,28.99,28.99,28.99,28.99,255.0,1.0,28.99
MIRM,2023-11-03 13:00:00+00:00,29.9,29.95,29.0,29.7,132343.0,1222.0,29.558831
MIRM,2023-11-03 14:00:00+00:00,29.7,30.54,29.69,30.12,267638.0,3092.0,30.003286
MIRM,2023-11-03 15:00:00+00:00,30.08,30.6,29.91,30.44,313340.0,1891.0,30.39402
MIRM,2023-11-03 16:00:00+00:00,30.42,30.92,30.31,30.4,123153.0,2127.0,30.513929
MIRM,2023-11-03 17:00:00+00:00,30.41,30.62,30.35,30.49,118388.0,2210.0,30.489936
MIRM,2023-11-03 18:00:00+00:00,30.5,30.555,30.38,30.5,143161.0,2246.0,30.488734
MIRM,2023-11-03 19:00:00+00:00,30.5,30.62,29.93,29.99,342501.0,4629.0,30.209252
MIRM,2023-11-03 20:00:00+00:00,30.0,30.0,30.0,30.0,113755.0,19.0,30.0
MIRM,2023-11-06 14:00:00+00:00,30.26,30.6,28.66,29.08,50854.0,789.0,29.559123
MIRM,2023-11-06 15:00:00+00:00,29.15,29.49,28.77,28.87,43022.0,1298.0,29.046857
MIRM,2023-11-06 16:00:00+00:00,28.83,29.16,28.5,28.87,48359.0,1077.0,28.870822
MIRM,2023-11-06 17:00:00+00:00,28.845,29.12,28.76,28.99,54558.0,1439.0,28.921242
MIRM,2023-11-06 18:00:00+00:00,28.985,29.1125,28.76,28.79,39152.0,919.0,28.918087
MIRM,2023-11-06 19:00:00+00:00,28.8,28.935,28.59,28.935,34104.0,893.0,28.781914
MIRM,2023-11-06 20:00:00+00:00,28.98,29.43,28.98,29.29,227099.0,2790.0,29.283971
MIRM,2023-11-06 21:00:00+00:00,29.35,29.35,29.26,29.35,50449.0,19.0,29.34982
MIRM,2023-11-07 14:00:00+00:00,29.3,29.63,29.08,29.63,7952.0,137.0,29.417196
MIRM,2023-11-07 15:00:00+00:00,29.68,29.74,29.42,29.47,32265.0,641.0,29.587945
MIRM,2023-11-07 16:00:00+00:00,29.47,29.899,29.41,29.83,18860.0,506.0,29.655359
MIRM,2023-11-07 17:00:00+00:00,29.82,29.9,29.49,29.63,54975.0,740.0,29.657788
MIRM,2023-11-07 18:00:00+00:00,29.64,29.89,29.58,29.89,15745.0,412.0,29.737844
MIRM,2023-11-07 19:00:00+00:00,29.93,30.0,29.85,29.955,25655.0,642.0,29.928126
MIRM,2023-11-07 20:00:00+00:00,29.98,30.0,29.74,30.0,114973.0,2042.0,29.930631
MIRM,2023-11-07 21:00:00+00:00,30.0,30.0,30.0,30.0,73850.0,14.0,29.999998
MIRM,2023-11-08 14:00:00+00:00,30.32,30.43,29.78,30.12,36807.0,574.0,30.211156
MIRM,2023-11-08 15:00:00+00:00,30.08,30.1,29.65,29.65,29061.0,704.0,29.841845
MIRM,2023-11-08 16:00:00+00:00,29.66,29.88,29.51,29.56,20354.0,494.0,29.682734
MIRM,2023-11-08 17:00:00+00:00,29.56,29.6899,29.41,29.45,21154.0,651.0,29.535484
MIRM,2023-11-08 18:00:00+00:00,29.47,29.62,29.385,29.57,16487.0,436.0,29.499111
MIRM,2023-11-08 19:00:00+00:00,29.57,29.81,29.5,29.74,30091.0,703.0,29.683779
MIRM,2023-11-08 20:00:00+00:00,29.78,29.886,29.5475,29.74,75213.0,1997.0,29.727658
MIRM,2023-11-08 21:00:00+00:00,29.74,29.74,29.74,29.74,75386.0,9.0,29.74
MIRM,2023-11-09 14:00:00+00:00,30.0,30.0,29.31,29.51,5386.0,72.0,29.758007
MIRM,2023-11-09 15:00:00+00:00,29.59,29.59,28.25,28.44,50437.0,807.0,28.683928
MIRM,2023-11-09 16:00:00+00:00,28.46,28.74,28.34,28.37,30354.0,712.0,28.531277
MIRM,2023-11-09 17:00:00+00:00,28.36,28.475,27.93,28.11,31570.0,839.0,28.184963
MIRM,2023-11-09 18:00:00+00:00,28.07,28.35,27.88,28.34,37684.0,725.0,28.209757
MIRM,2023-11-09 19:00:00+00:00,28.34,28.89,28.22,28.6,73153.0,1053.0,28.470182
MIRM,2023-11-09 20:00:00+00:00,28.62,28.83,28.4,28.51,98789.0,2310.0,28.539162
MIRM,2023-11-09 21:00:00+00:00,28.48,28.48,28.48,28.48,84014.0,16.0,28.480029
MIRM,2023-11-10 14:00:00+00:00,28.78,28.87,28.2,28.7,12004.0,316.0,28.695506
MIRM,2023-11-10 15:00:00+00:00,28.62,28.7,28.23,28.25,26677.0,721.0,28.435946
MIRM,2023-11-10 16:00:00+00:00,28.245,28.75,28.245,28.52,15137.0,533.0,28.529742
MIRM,2023-11-10 17:00:00+00:00,28.58,28.86,28.52,28.68,19262.0,539.0,28.696453
MIRM,2023-11-10 18:00:00+00:00,28.64,29.13,28.64,29.13,14679.0,500.0,28.953558
MIRM,2023-11-10 19:00:00+00:00,29.0601,29.12,28.85,28.86,20421.0,734.0,28.959558
MIRM,2023-11-10 20:00:00+00:00,28.92,28.93,28.47,28.58,62348.0,1961.0,28.62747
MIRM,2023-11-10 21:00:00+00:00,28.61,28.61,28.61,28.61,54109.0,16.0,28.61
MIRM,2023-11-13 14:00:00+00:00,29.72,29.73,28.76,28.82,26144.0,328.0,29.278348
MIRM,2023-11-13 15:00:00+00:00,28.84,29.72,28.61,29.65,79762.0,1127.0,29.127122
MIRM,2023-11-13 16:00:00+00:00,29.73,30.13,29.68,29.97,64363.0,966.0,29.964498
MIRM,2023-11-13 17:00:00+00:00,29.97,30.27,29.86,30.115,188107.0,924.0,30.010498
MIRM,2023-11-13 18:00:00+00:00,30.115,30.27,29.925,30.26,38947.0,906.0,30.087092
MIRM,2023-11-13 19:00:00+00:00,30.32,30.585,30.2,30.49,67559.0,1353.0,30.39192
MIRM,2023-11-13 20:00:00+00:00,30.47,30.68,30.4,30.49,150662.0,2579.0,30.524902
MIRM,2023-11-13 21:00:00+00:00,30.49,30.49,30.49,30.49,45267.0,16.0,30.49
MIRM,2023-11-14 14:00:00+00:00,30.5799,31.59,30.5799,31.475,125343.0,1235.0,31.303744
MIRM,2023-11-14 15:00:00+00:00,31.55,31.69,31.16,31.195,89244.0,1721.0,31.411436
MIRM,2023-11-14 16:00:00+00:00,31.28,31.305,30.69,31.03,126801.0,1476.0,31.033968
MIRM,2023-11-14 17:00:00+00:00,31.03,31.1,30.795,31.04,47807.0,1089.0,31.01209
MIRM,2023-11-14 18:00:00+00:00,31.0,31.27,30.295,30.38,78452.0,1247.0,30.94391
MIRM,2023-11-14 19:00:00+00:00,30.36,30.51,30.28,30.355,31078.0,997.0,30.378834
MIRM,2023-11-14 20:00:00+00:00,30.38,30.4,29.96,30.34,186349.0,3302.0,30.181159
MIRM,2023-11-14 21:00:00+00:00,30.33,30.33,30.33,30.33,106522.0,16.0,30.33
MIRM,2023-11-14 22:00:00+00:00,29.8,29.8,29.8,29.8,100.0,1.0,29.8
MIRM,2023-11-15 14:00:00+00:00,31.03,31.68,30.73,31.2435,65816.0,481.0,31.327428
MIRM,2023-11-15 15:00:00+00:00,31.28,31.86,31.148,31.6,36787.0,780.0,31.463203
MIRM,2023-11-15 16:00:00+00:00,31.76,31.87,31.37,31.39,28989.0,782.0,31.635326
MIRM,2023-11-15 17:00:00+00:00,31.375,31.475,31.225,31.225,29884.0,694.0,31.371102
MIRM,2023-11-15 18:00:00+00:00,31.15,31.24,30.755,31.09,33628.0,596.0,31.046669
MIRM,2023-11-15 19:00:00+00:00,31.09,31.11,30.625,30.65,25844.0,824.0,30.775207
MIRM,2023-11-15 20:00:00+00:00,30.635,30.76,30.34,30.36,100199.0,2779.0,30.510035
MIRM,2023-11-15 21:00:00+00:00,30.36,30.36,30.36,30.36,757775.0,21.0,30.36
MIRM,2023-11-16 14:00:00+00:00,30.27,31.24,30.06,30.16,6721.0,147.0,30.270553
MIRM,2023-11-16 15:00:00+00:00,30.16,30.345,30.0482,30.11,19072.0,635.0,30.221902
MIRM,2023-11-16 16:00:00+00:00,30.231,30.475,30.135,30.475,25916.0,624.0,30.330489
MIRM,2023-11-16 17:00:00+00:00,30.48,30.84,30.42,30.48,70725.0,652.0,30.684491
MIRM,2023-11-16 18:00:00+00:00,30.425,30.54,30.31,30.41,16425.0,608.0,30.419611
MIRM,2023-11-16 19:00:00+00:00,30.38,30.55,30.34,30.39,18185.0,728.0,30.464782
MIRM,2023-11-16 20:00:00+00:00,30.35,30.41,30.17,30.32,90088.0,2366.0,30.284551
MIRM,2023-11-16 21:00:00+00:00,30.31,30.31,30.31,30.31,103059.0,18.0,30.31
MIRM,2023-11-17 14:00:00+00:00,30.31,30.68,30.205,30.62,22658.0,176.0,30.502316
MIRM,2023-11-17 15:00:00+00:00,30.61,31.38,30.61,31.06,29868.0,663.0,31.068629
MIRM,2023-11-17 16:00:00+00:00,31.05,31.32,31.0,31.27,25517.0,724.0,31.132265
MIRM,2023-11-17 17:00:00+00:00,31.3,31.8,31.3,31.765,26152.0,684.0,31.599554
MIRM,2023-11-17 18:00:00+00:00,31.77,31.89,31.52,31.84,45578.0,1158.0,31.7606
MIRM,2023-11-17 19:00:00+00:00,31.84,32.13,31.65,32.1,89378.0,1543.0,31.890261
MIRM,2023-11-17 20:00:00+00:00,32.13,32.35,31.97,32.32,130616.0,2359.0,32.163265
MIRM,2023-11-17 21:00:00+00:00,32.32,32.32,32.115,32.32,137314.0,17.0,32.291146
MIRM,2023-11-20 14:00:00+00:00,32.07,32.5,31.895,32.0625,120897.0,1793.0,32.083495
MIRM,2023-11-20 15:00:00+00:00,32.115,32.42,32.0101,32.325,75976.0,1026.0,32.209576
MIRM,2023-11-20 16:00:00+00:00,32.27,32.31,31.99,32.0,200455.0,2521.0,32.051535
MIRM,2023-11-20 17:00:00+00:00,32.01,32.39,32.0,32.14,67512.0,1102.0,32.140647
MIRM,2023-11-20 18:00:00+00:00,32.14,32.54,32.14,32.43,70671.0,1299.0,32.345004
MIRM,2023-11-20 19:00:00+00:00,32.445,32.47,32.0,32.2,91151.0,1027.0,32.278348
MIRM,2023-11-20 20:00:00+00:00,32.215,32.295,32.05,32.11,126014.0,2300.0,32.133926
MIRM,2023-11-20 21:00:00+00:00,32.1,32.1,32.1,32.1,134222.0,12.0,32.1
MIRM,2023-11-21 14:00:00+00:00,32.52,32.52,31.9001,32.0,30354.0,556.0,32.135634
MIRM,2023-11-21 15:00:00+00:00,32.06,32.55,31.96,32.4,63362.0,1448.0,32.114466
MIRM,2023-11-21 16:00:00+00:00,32.4,32.52,31.9,32.04,46987.0,1020.0,32.18781
MIRM,2023-11-21 17:00:00+00:00,32.01,32.04,31.67,31.95,29310.0,833.0,31.917314
MIRM,2023-11-21 18:00:00+00:00,31.93,32.05,31.75,32.05,45249.0,893.0,31.939533
MIRM,2023-11-21 19:00:00+00:00,32.05,32.22,31.98,32.01,49704.0,896.0,32.029462
MIRM,2023-11-21 20:00:00+00:00,32.03,32.11,31.95,31.96,156939.0,2599.0,32.011062
MIRM,2023-11-21 21:00:00+00:00,32.0,32.0,32.0,32.0,57247.0,17.0,32.0
MIRM,2023-11-22 14:00:00+00:00,31.86,32.01,31.55,31.875,17903.0,319.0,31.773214
MIRM,2023-11-22 15:00:00+00:00,31.94,32.1,31.71,32.02,53794.0,873.0,31.871361
MIRM,2023-11-22 16:00:00+00:00,31.98,32.22,31.97,32.22,16108.0,464.0,32.05446
MIRM,2023-11-22 17:00:00+00:00,32.2,32.4399,32.13,32.15,12139.0,372.0,32.261573
MIRM,2023-11-22 18:00:00+00:00,32.14,32.17,31.78,32.07,26268.0,663.0,31.997866
MIRM,2023-11-22 19:00:00+00:00,32.09,32.11,31.875,32.015,31873.0,730.0,32.015034
MIRM,2023-11-22 20:00:00+00:00,32.0,32.16,31.9,31.995,77305.0,1805.0,32.040438
MIRM,2023-11-22 21:00:00+00:00,32.0,32.0,32.0,32.0,44329.0,18.0,32.0
MIRM,2023-11-24 14:00:00+00:00,32.12,32.41,32.12,32.32,23965.0,313.0,32.311089
MIRM,2023-11-24 15:00:00+00:00,32.32,33.01,32.32,32.71,45139.0,844.0,32.771953
MIRM,2023-11-24 16:00:00+00:00,32.745,32.85,32.21,32.235,59438.0,1063.0,32.481905
MIRM,2023-11-24 17:00:00+00:00,32.27,32.52,32.13,32.4,52791.0,1276.0,32.32893
MIRM,2023-11-24 18:00:00+00:00,32.35,32.35,32.35,32.35,24014.0,3.0,32.35
MIRM,2023-11-27 14:00:00+00:00,32.32,32.36,31.7079,32.0,7966.0,173.0,32.127674
MIRM,2023-11-27 15:00:00+00:00,32.07,32.2,31.7,31.74,51185.0,1161.0,31.900709
MIRM,2023-11-27 16:00:00+00:00,31.7,32.02,31.67,32.0,74723.0,1314.0,31.825659
MIRM,2023-11-27 17:00:00+00:00,32.03,32.36,31.935,32.275,141863.0,1215.0,32.098286
MIRM,2023-11-27 18:00:00+00:00,32.285,32.45,32.08,32.08,27950.0,649.0,32.2874
MIRM,2023-11-27 19:00:00+00:00,32.07,32.37,32.0,32.095,84666.0,1416.0,32.150399
MIRM,2023-11-27 20:00:00+00:00,32.095,32.43,32.01,32.04,175133.0,3336.0,32.159049
MIRM,2023-11-27 21:00:00+00:00,32.04,32.04,32.04,32.04,61234.0,9.0,32.04
MIRM,2023-11-28 14:00:00+00:00,31.94,32.06,31.24,31.475,23642.0,409.0,31.733028
MIRM,2023-11-28 15:00:00+00:00,31.49,31.74,31.02,31.34,76419.0,1273.0,31.355159
MIRM,2023-11-28 16:00:00+00:00,31.5282,31.73,31.1701,31.225,44411.0,881.0,31.432778
MIRM,2023-11-28 17:00:00+00:00,31.225,31.225,31.01,31.12,46593.0,484.0,31.093973
MIRM,2023-11-28 18:00:00+00:00,31.07,31.07,30.745,30.9,22248.0,563.0,30.930244
MIRM,2023-11-28 19:00:00+00:00,30.83,31.07,30.78,30.8,20692.0,605.0,30.901435
MIRM,2023-11-28 20:00:00+00:00,30.805,31.47,30.8,31.39,116714.0,2417.0,31.217383
MIRM,2023-11-28 21:00:00+00:00,31.33,31.33,31.33,31.33,42665.0,10.0,31.33
MIRM,2023-11-29 14:00:00+00:00,31.45,32.28,31.45,32.13,33695.0,570.0,31.962099
MIRM,2023-11-29 15:00:00+00:00,32.25,32.48,31.835,32.05,93027.0,778.0,32.031074
MIRM,2023-11-29 16:00:00+00:00,32.07,32.07,31.77,31.985,25994.0,590.0,31.95093
MIRM,2023-11-29 17:00:00+00:00,31.98,32.25,31.93,32.03,38200.0,764.0,32.064709
MIRM,2023-11-29 18:00:00+00:00,32.05,32.13,31.92,32.07,29444.0,605.0,32.020249
MIRM,2023-11-29 19:00:00+00:00,32.02,32.1599,31.87,31.91,32696.0,683.0,31.993772
MIRM,2023-11-29 20:00:00+00:00,31.88,31.97,31.63,31.64,82145.0,1841.0,31.741242
MIRM,2023-11-29 21:00:00+00:00,31.65,31.65,31.65,31.65,66451.0,13.0,31.65
MIRM,2023-11-30 14:00:00+00:00,31.84,32.49,31.84,32.25,24197.0,500.0,32.194666
MIRM,2023-11-30 15:00:00+00:00,32.36,33.21,32.21,33.13,97261.0,1090.0,32.568198
MIRM,2023-11-30 16:00:00+00:00,33.16,33.24,32.45,32.73,65989.0,1020.0,32.856047
MIRM,2023-11-30 17:00:00+00:00,32.62,32.9,32.46,32.82,20805.0,562.0,32.656574
MIRM,2023-11-30 18:00:00+00:00,32.8999,32.99,32.14,32.18,107768.0,1272.0,32.412479
MIRM,2023-11-30 19:00:00+00:00,32.15,32.44,32.115,32.44,66671.0,1072.0,32.283217
MIRM,2023-11-30 20:00:00+00:00,32.41,32.535,32.04,32.08,117265.0,2146.0,32.241109
MIRM,2023-11-30 21:00:00+00:00,32.07,32.07,32.07,32.07,314889.0,17.0,32.07
MIRM,2023-12-01 14:00:00+00:00,32.08,32.49,31.5,31.79,14944.0,351.0,31.85952
MIRM,2023-12-01 15:00:00+00:00,31.79,32.06,31.5,32.06,32501.0,686.0,31.786387
MIRM,2023-12-01 16:00:00+00:00,31.99,32.28,31.7285,31.85,45461.0,1031.0,32.023569
MIRM,2023-12-01 17:00:00+00:00,31.81,31.835,31.575,31.7,56518.0,1073.0,31.735353
MIRM,2023-12-01 18:00:00+00:00,31.68,31.86,31.44,31.83,45528.0,994.0,31.61999
MIRM,2023-12-01 19:00:00+00:00,31.87,31.95,31.66,31.72,66501.0,1298.0,31.754585
MIRM,2023-12-01 20:00:00+00:00,31.73,32.07,31.64,31.99,155220.0,2582.0,31.841945
MIRM,2023-12-01 21:00:00+00:00,32.0,32.0,32.0,32.0,75243.0,16.0,32.0
MIRM,2023-12-04 14:00:00+00:00,31.98,32.31,31.67,31.87,24736.0,490.0,31.984044
MIRM,2023-12-04 15:00:00+00:00,31.78,31.78,30.97,31.4,117134.0,2118.0,31.27058
MIRM,2023-12-04 16:00:00+00:00,31.405,31.56,31.26,31.34,93980.0,1913.0,31.433948
MIRM,2023-12-04 17:00:00+00:00,31.365,31.735,31.28,31.695,52904.0,1287.0,31.414275
MIRM,2023-12-04 18:00:00+00:00,31.695,31.9215,31.6,31.7,31325.0,854.0,31.753278
MIRM,2023-12-04 19:00:00+00:00,31.7,31.91,31.57,31.845,50330.0,1171.0,31.720065
MIRM,2023-12-04 20:00:00+00:00,31.855,32.03,31.63,31.72,153687.0,3313.0,31.749303
MIRM,2023-12-04 21:00:00+00:00,31.7,31.7,31.7,31.7,105979.0,23.0,31.7
MIRM,2023-12-05 14:00:00+00:00,31.58,31.982,31.5,31.8311,16717.0,327.0,31.819709
MIRM,2023-12-05 15:00:00+00:00,31.87,32.05,31.65,31.905,70783.0,1329.0,31.870231
MIRM,2023-12-05 16:00:00+00:00,31.935,32.5,31.865,32.26,86646.0,1533.0,32.148426
MIRM,2023-12-05 17:00:00+00:00,32.25,32.7465,32.21,32.595,87979.0,1576.0,32.454906
MIRM,2023-12-05 18:00:00+00:00,32.55,33.0,32.415,32.915,84829.0,1684.0,32.697622
MIRM,2023-12-05 19:00:00+00:00,32.94,33.33,32.7,32.785,130944.0,1940.0,33.029587
MIRM,2023-12-05 20:00:00+00:00,32.75,32.98,32.45,32.47,209744.0,3472.0,32.639382
MIRM,2023-12-05 21:00:00+00:00,32.5,32.5,32.45,32.45,82937.0,10.0,32.499901
MIRM,2023-12-06 00:00:00+00:00,32.46,32.46,32.46,32.46,200.0,2.0,32.46
MIRM,2023-12-06 14:00:00+00:00,32.4,32.825,32.09,32.545,22133.0,557.0,32.409199
MIRM,2023-12-06 15:00:00+00:00,32.63,32.75,32.1,32.28,58575.0,1308.0,32.408642
MIRM,2023-12-06 16:00:00+00:00,32.29,32.515,31.98,32.09,22156.0,625.0,32.271108
MIRM,2023-12-06 17:00:00+00:00,32.03,32.055,31.885,31.95,21169.0,778.0,31.983777
MIRM,2023-12-06 18:00:00+00:00,31.97,32.06,31.83,32.06,21584.0,635.0,31.942297
MIRM,2023-12-06 19:00:00+00:00,32.02,32.14,31.83,31.94,23776.0,730.0,31.965574
MIRM,2023-12-06 20:00:00+00:00,31.9676,31.97,31.56,31.57,116341.0,2521.0,31.69679
MIRM,2023-12-06 21:00:00+00:00,31.58,31.58,31.36,31.36,52038.0,14.0,31.579577
MIRM,2023-12-07 13:00:00+00:00,31.75,31.75,31.75,31.75,100.0,1.0,31.75
MIRM,2023-12-07 14:00:00+00:00,31.47,32.55,31.47,32.13,43320.0,546.0,31.964185
MIRM,2023-12-07 15:00:00+00:00,32.125,32.28,31.84,32.25,118767.0,755.0,31.916983
MIRM,2023-12-07 16:00:00+00:00,32.32,32.45,32.02,32.02,34201.0,656.0,32.190414
MIRM,2023-12-07 17:00:00+00:00,32.085,32.15,31.94,32.035,18547.0,448.0,32.058232
MIRM,2023-12-07 18:00:00+00:00,31.995,32.15,31.97,32.12,48501.0,599.0,32.02784
MIRM,2023-12-07 19:00:00+00:00,32.165,32.5,32.165,32.43,26289.0,652.0,32.420344
MIRM,2023-12-07 20:00:00+00:00,32.41,32.44,32.18,32.27,66186.0,1856.0,32.28837
MIRM,2023-12-07 21:00:00+00:00,32.28,32.28,32.28,32.28,68112.0,9.0,32.28
MIRM,2023-12-08 14:00:00+00:00,32.38,32.8,32.28,32.475,87237.0,663.0,32.520153
MIRM,2023-12-08 15:00:00+00:00,32.51,33.055,32.51,32.8,16785.0,431.0,32.766172
MIRM,2023-12-08 16:00:00+00:00,32.79,32.79,32.63,32.6875,34658.0,682.0,32.714243
MIRM,2023-12-08 17:00:00+00:00,32.725,32.92,32.63,32.9,32477.0,605.0,32.747263
MIRM,2023-12-08 18:00:00+00:00,32.88,32.99,32.78,32.95,68120.0,1203.0,32.913253
MIRM,2023-12-08 19:00:00+00:00,32.925,33.05,32.89,32.915,49064.0,844.0,32.970707
MIRM,2023-12-08 20:00:00+00:00,32.92,33.01,32.76,32.82,181024.0,2713.0,32.895377
MIRM,2023-12-08 21:00:00+00:00,32.86,32.86,32.86,32.86,58250.0,12.0,32.86
MIRM,2023-12-11 14:00:00+00:00,33.08,33.2,32.6701,32.6701,50776.0,560.0,32.955573
MIRM,2023-12-11 15:00:00+00:00,32.775,32.775,31.96,32.05,95020.0,1110.0,32.438351
MIRM,2023-12-11 16:00:00+00:00,32.05,32.095,31.8,31.8876,123568.0,1378.0,31.959168
MIRM,2023-12-11 17:00:00+00:00,31.9,32.27,31.885,32.02,184699.0,1553.0,31.99796
MIRM,2023-12-11 18:00:00+00:00,32.0,32.24,31.96,32.0,107508.0,1140.0,32.042548
MIRM,2023-12-11 19:00:00+00:00,32.05,32.17,31.99,32.095,39510.0,1161.0,32.068804
MIRM,2023-12-11 20:00:00+00:00,32.095,32.44,32.06,32.29,110803.0,2898.0,32.262271
MIRM,2023-12-11 21:00:00+00:00,32.28,32.28,32.28,32.28,44294.0,11.0,32.28
MIRM,2023-12-12 00:00:00+00:00,31.88,31.88,31.88,31.88,128.0,2.0,31.879766
MIRM,2023-12-12 09:00:00+00:00,32.75,32.75,32.75,32.75,150.0,2.0,32.75
MIRM,2023-12-12 14:00:00+00:00,32.52,32.8,31.87,32.63,24031.0,340.0,32.393539
MIRM,2023-12-12 15:00:00+00:00,32.7,32.975,32.37,32.5,59432.0,872.0,32.650822
MIRM,2023-12-12 16:00:00+00:00,32.53,33.025,32.47,33.025,33298.0,577.0,32.650353
MIRM,2023-12-12 17:00:00+00:00,33.03,33.42,32.99,33.35,64433.0,1116.0,33.212792
MIRM,2023-12-12 18:00:00+00:00,33.335,33.43,33.0212,33.15,65600.0,1282.0,33.270605
MIRM,2023-12-12 19:00:00+00:00,33.155,33.95,33.11,33.9,87623.0,1420.0,33.556865
MIRM,2023-12-12 20:00:00+00:00,33.91,34.0,33.54,33.65,162925.0,3151.0,33.731126
MIRM,2023-12-12 21:00:00+00:00,33.64,33.64,33.64,33.64,60581.0,16.0,33.64
MIRM,2023-12-13 14:00:00+00:00,33.65,34.24,33.52,33.89,87178.0,523.0,33.773194
MIRM,2023-12-13 15:00:00+00:00,33.81,34.015,33.52,33.875,134739.0,1136.0,33.718851
MIRM,2023-12-13 16:00:00+00:00,33.9,34.015,33.54,33.75,126111.0,1116.0,33.790193
MIRM,2023-12-13 17:00:00+00:00,33.75,33.9,33.64,33.715,40800.0,655.0,33.788443
MIRM,2023-12-13 18:00:00+00:00,33.715,33.715,33.06,33.28,36947.0,822.0,33.381401
MIRM,2023-12-13 19:00:00+00:00,33.36,34.0,33.35,33.78,79015.0,1612.0,33.819538
MIRM,2023-12-13 20:00:00+00:00,33.795,33.98,33.4,33.96,194686.0,3569.0,33.640076
MIRM,2023-12-13 21:00:00+00:00,33.92,33.92,33.92,33.92,142404.0,5.0,33.92
MIRM,2023-12-13 22:00:00+00:00,33.92,33.92,33.92,33.92,70955.0,1.0,33.92
MIRM,2023-12-14 14:00:00+00:00,34.07,34.56,33.96,34.47,98568.0,1523.0,34.193917
MIRM,2023-12-14 15:00:00+00:00,34.43,34.55,33.85,33.94,87477.0,1793.0,34.25595
MIRM,2023-12-14 16:00:00+00:00,34.045,34.2,33.78,34.18,45889.0,1059.0,33.962776
MIRM,2023-12-14 17:00:00+00:00,34.23,34.35,33.83,33.925,58634.0,1224.0,34.11312
MIRM,2023-12-14 18:00:00+00:00,33.86,34.01,33.49,33.6,55856.0,1279.0,33.78016
MIRM,2023-12-14 19:00:00+00:00,33.655,34.35,33.45,34.19,93923.0,1764.0,33.887342
MIRM,2023-12-14 20:00:00+00:00,34.15,34.81,34.15,34.61,183562.0,3570.0,34.558857
MIRM,2023-12-14 21:00:00+00:00,34.59,34.59,34.59,34.59,247245.0,12.0,34.59
MIRM,2023-12-15 14:00:00+00:00,34.6,35.56,34.6,35.08,123968.0,1202.0,34.978094
MIRM,2023-12-15 15:00:00+00:00,35.08,35.13,34.325,34.735,90112.0,1345.0,34.642194
MIRM,2023-12-15 16:00:00+00:00,34.74,34.78,34.205,34.25,36091.0,868.0,34.43966
MIRM,2023-12-15 17:00:00+00:00,34.255,34.53,34.115,34.22,176913.0,1438.0,34.227902
MIRM,2023-12-15 18:00:00+00:00,34.14,34.21,33.991,34.18,49339.0,1153.0,34.129938
MIRM,2023-12-15 19:00:00+00:00,34.15,34.655,34.01,34.655,149868.0,1490.0,34.330096
MIRM,2023-12-15 20:00:00+00:00,34.62,35.03,34.55,34.93,201628.0,2932.0,34.881558
MIRM,2023-12-15 21:00:00+00:00,34.93,34.93,34.93,34.93,603743.0,30.0,34.93
MIRM,2023-12-18 13:00:00+00:00,34.86,34.86,22.5,28.86,88355.0,440.0,26.440681
MIRM,2023-12-18 14:00:00+00:00,28.86,29.75,27.0,28.58,613049.0,6333.0,28.596594
MIRM,2023-12-18 15:00:00+00:00,28.58,28.72,27.9651,28.67,526827.0,7814.0,28.260121
MIRM,2023-12-18 16:00:00+00:00,28.665,29.005,27.88,28.05,413963.0,6730.0,28.306496
MIRM,2023-12-18 17:00:00+00:00,27.99,28.74,27.72,28.55,217427.0,3470.0,28.263581
MIRM,2023-12-18 18:00:00+00:00,28.52,28.52,28.07,28.09,154484.0,2483.0,28.245125
MIRM,2023-12-18 19:00:00+00:00,28.09,29.0817,28.09,28.95,233925.0,3584.0,28.813531
MIRM,2023-12-18 20:00:00+00:00,28.97,29.455,28.882,29.38,745155.0,8140.0,29.291081
MIRM,2023-12-18 21:00:00+00:00,29.385,29.93,29.385,29.93,338177.0,11.0,29.449118
MIRM,2023-12-19 13:00:00+00:00,29.39,29.8,29.39,29.4,455.0,6.0,29.549451
MIRM,2023-12-19 14:00:00+00:00,29.6472,30.08,29.19,29.765,81078.0,1261.0,29.690247
MIRM,2023-12-19 15:00:00+00:00,29.765,30.92,29.6,30.92,109844.0,2084.0,30.260733
MIRM,2023-12-19 16:00:00+00:00,30.855,31.24,30.7725,30.94,87460.0,1893.0,31.013251
MIRM,2023-12-19 17:00:00+00:00,30.9,31.22,30.76,31.21,45042.0,1177.0,31.000367
MIRM,2023-12-19 18:00:00+00:00,31.22,31.55,30.97,31.13,87523.0,1468.0,31.359654
MIRM,2023-12-19 19:00:00+00:00,31.09,31.42,31.06,31.385,89210.0,1698.0,31.226571
MIRM,2023-12-19 20:00:00+00:00,31.38,31.7001,31.21,31.545,289966.0,4493.0,31.528662
MIRM,2023-12-19 21:00:00+00:00,31.54,31.57,31.54,31.57,243812.0,4.0,31.569927
MIRM,2023-12-20 14:00:00+00:00,31.62,31.9,31.0701,31.7,33813.0,554.0,31.627766
MIRM,2023-12-20 15:00:00+00:00,31.75,32.63,31.6,32.285,101787.0,1225.0,32.225095
MIRM,2023-12-20 16:00:00+00:00,32.36,32.64,32.3,32.45,77329.0,992.0,32.4765
MIRM,2023-12-20 17:00:00+00:00,32.47,32.68,31.96,31.96,53390.0,1054.0,32.509262
MIRM,2023-12-20 18:00:00+00:00,31.96,32.19,31.88,31.88,89858.0,1259.0,32.026741
MIRM,2023-12-20 19:00:00+00:00,31.88,31.95,31.27,31.305,52053.0,1359.0,31.585644
MIRM,2023-12-20 20:00:00+00:00,31.305,31.52,30.76,30.8,238438.0,4956.0,30.994717
MIRM,2023-12-20 21:00:00+00:00,30.79,30.79,30.71,30.71,95213.0,13.0,30.789828
MIRM,2023-12-21 14:00:00+00:00,31.09,31.2,30.26,30.41,58544.0,689.0,30.590319
MIRM,2023-12-21 15:00:00+00:00,30.45,31.07,30.33,30.9,39911.0,695.0,30.796221
MIRM,2023-12-21 16:00:00+00:00,30.8517,30.98,30.7011,30.844,20693.0,587.0,30.848845
MIRM,2023-12-21 17:00:00+00:00,30.8,31.085,30.72,30.99,20987.0,564.0,30.907055
MIRM,2023-12-21 18:00:00+00:00,31.01,31.13,30.89,31.12,21273.0,669.0,31.023511
MIRM,2023-12-21 19:00:00+00:00,31.12,31.175,30.96,30.96,20628.0,643.0,31.088073
MIRM,2023-12-21 20:00:00+00:00,30.995,31.09,30.72,31.06,126341.0,2833.0,30.937335
MIRM,2023-12-21 21:00:00+00:00,31.05,31.09,31.05,31.09,103940.0,20.0,31.089958
MIRM,2023-12-22 13:00:00+00:00,31.09,31.09,31.09,31.09,326.0,6.0,31.082209
MIRM,2023-12-22 14:00:00+00:00,31.09,31.09,29.02,29.985,201917.0,2823.0,29.958032
MIRM,2023-12-22 15:00:00+00:00,29.94,30.305,29.74,29.99,164710.0,3185.0,29.946104
MIRM,2023-12-22 16:00:00+00:00,29.97,30.08,29.69,29.95,196440.0,3601.0,29.929487
MIRM,2023-12-22 17:00:00+00:00,29.95,30.19,29.89,30.0,96627.0,1961.0,30.030985
MIRM,2023-12-22 18:00:00+00:00,30.0,30.03,29.77,29.99,91876.0,1694.0,29.954119
MIRM,2023-12-22 19:00:00+00:00,29.99,30.01,29.79,29.93,63386.0,1857.0,29.921076
MIRM,2023-12-22 20:00:00+00:00,29.92,30.12,29.77,30.01,197707.0,4206.0,29.942442
MIRM,2023-12-22 21:00:00+00:00,30.01,30.01,29.9,29.9,76349.0,15.0,29.999227
MIRM,2023-12-26 14:00:00+00:00,30.43,30.6,29.9,30.16,37782.0,561.0,30.091149
MIRM,2023-12-26 15:00:00+00:00,30.22,30.26,29.9,30.05,38175.0,954.0,30.047536
MIRM,2023-12-26 16:00:00+00:00,30.0459,30.2,30.01,30.13,19284.0,586.0,30.091009
MIRM,2023-12-26 17:00:00+00:00,30.09,30.24,29.925,30.0,24350.0,558.0,30.126765
MIRM,2023-12-26 18:00:00+00:00,29.95,30.17,29.95,30.14,35316.0,826.0,30.059822
MIRM,2023-12-26 19:00:00+00:00,30.14,30.255,30.06,30.16,35826.0,993.0,30.182371
MIRM,2023-12-26 20:00:00+00:00,30.15,30.26,30.06,30.23,142316.0,2707.0,30.195721
MIRM,2023-12-26 21:00:00+00:00,30.25,30.25,30.25,30.25,85826.0,12.0,30.25
MIRM,2023-12-27 14:00:00+00:00,30.18,30.8,29.8,30.16,36589.0,604.0,30.244095
MIRM,2023-12-27 15:00:00+00:00,30.28,30.295,29.87,30.1,31496.0,989.0,30.057714
MIRM,2023-12-27 16:00:00+00:00,30.11,30.155,29.935,30.08,39725.0,1000.0,30.032559
MIRM,2023-12-27 17:00:00+00:00,30.115,30.18,30.03,30.045,27048.0,723.0,30.106104
MIRM,2023-12-27 18:00:00+00:00,30.045,30.25,30.0,30.09,48409.0,1085.0,30.088649
MIRM,2023-12-27 19:00:00+00:00,30.025,30.07,29.97,30.0,35045.0,914.0,30.011648
MIRM,2023-12-27 20:00:00+00:00,30.015,30.11,29.9,30.03,125070.0,2927.0,30.023412
MIRM,2023-12-27 21:00:00+00:00,30.06,30.45,30.03,30.45,75262.0,24.0,30.062189
MIRM,2023-12-28 14:00:00+00:00,29.6,30.335,29.6,30.0725,9722.0,111.0,29.94998
MIRM,2023-12-28 15:00:00+00:00,30.0,30.31,29.93,30.185,54121.0,1260.0,30.125088
MIRM,2023-12-28 16:00:00+00:00,30.21,30.25,29.96,29.98,34298.0,792.0,30.069514
MIRM,2023-12-28 17:00:00+00:00,30.01,30.08,29.91,30.0,66454.0,866.0,29.98421
MIRM,2023-12-28 18:00:00+00:00,30.0,30.0,29.56,29.64,39099.0,1035.0,29.799236
MIRM,2023-12-28 19:00:00+00:00,29.7149,29.7149,29.55,29.585,28946.0,777.0,29.61997
MIRM,2023-12-28 20:00:00+00:00,29.575,29.97,29.48,29.92,156864.0,2682.0,29.813329
MIRM,2023-12-28 21:00:00+00:00,29.96,30.04,29.96,29.96,113062.0,16.0,29.960616
MIRM,2023-12-29 14:00:00+00:00,29.92,30.0,29.41,29.515,28493.0,295.0,29.735629
MIRM,2023-12-29 15:00:00+00:00,29.47,29.5799,29.31,29.34,41945.0,1005.0,29.43829
MIRM,2023-12-29 16:00:00+00:00,29.32,29.52,29.2501,29.5,52608.0,1057.0,29.361017
MIRM,2023-12-29 17:00:00+00:00,29.52,29.63,29.483,29.577,37905.0,820.0,29.54564
MIRM,2023-12-29 18:00:00+00:00,29.58,29.69,29.41,29.44,16448.0,462.0,29.543169
MIRM,2023-12-29 19:00:00+00:00,29.44,29.57,29.44,29.57,29297.0,835.0,29.515645
MIRM,2023-12-29 20:00:00+00:00,29.5689,29.6,29.39,29.48,143504.0,2649.0,29.500688
MIRM,2023-12-29 21:00:00+00:00,29.52,29.52,29.52,29.52,190748.0,13.0,29.52
MIRM,2024-01-02 12:00:00+00:00,29.6,29.6,29.6,29.6,600.0,1.0,29.6
MIRM,2024-01-02 14:00:00+00:00,29.58,30.0,29.25,29.955,35950.0,636.0,29.652238
MIRM,2024-01-02 15:00:00+00:00,30.15,30.27,29.84,29.97,83560.0,1546.0,30.068108
MIRM,2024-01-02 16:00:00+00:00,29.965,30.115,29.96,30.02,43056.0,1234.0,30.016586
MIRM,2024-01-02 17:00:00+00:00,30.0,30.16,29.91,30.03,125215.0,1756.0,30.01736
MIRM,2024-01-02 18:00:00+00:00,30.025,30.13,29.99,30.0,67332.0,1435.0,30.043848
MIRM,2024-01-02 19:00:00+00:00,30.0,30.105,29.9,29.945,90957.0,1807.0,29.992541
MIRM,2024-01-02 20:00:00+00:00,29.92,30.06,29.71,30.02,150023.0,3103.0,29.910525
MIRM,2024-01-02 21:00:00+00:00,30.02,30.1,30.02,30.1,64472.0,18.0,30.020124
MIRM,2024-01-02 23:00:00+00:00,30.1,30.1,30.1,30.1,1000.0,1.0,30.1
MIRM,2024-01-03 14:00:00+00:00,29.83,30.29,29.43,29.99,33157.0,558.0,29.901855
MIRM,2024-01-03 15:00:00+00:00,30.01,30.26,29.77,29.85,71026.0,1550.0,30.015141
MIRM,2024-01-03 16:00:00+00:00,29.94,29.97,29.4175,29.49,119970.0,1412.0,29.566142
MIRM,2024-01-03 17:00:00+00:00,29.51,29.91,29.495,29.91,45837.0,1119.0,29.738425
MIRM,2024-01-03 18:00:00+00:00,29.91,29.91,29.58,29.68,91164.0,1075.0,29.70699
MIRM,2024-01-03 19:00:00+00:00,29.675,29.73,29.505,29.57,54625.0,1381.0,29.596704
MIRM,2024-01-03 20:00:00+00:00,29.565,29.565,29.265,29.4,179112.0,3812.0,29.389743
MIRM,2024-01-03 21:00:00+00:00,29.4,29.4,29.4,29.4,77742.0,23.0,29.4
MIRM,2024-01-04 00:00:00+00:00,29.7,29.7,29.7,29.7,319.0,2.0,29.700219
MIRM,2024-01-04 14:00:00+00:00,29.39,30.05,29.1848,29.5,24155.0,388.0,29.455622
MIRM,2024-01-04 15:00:00+00:00,29.54,29.6,29.02,29.38,116603.0,1663.0,29.291668
MIRM,2024-01-04 16:00:00+00:00,29.365,29.365,29.03,29.21,45040.0,1077.0,29.189382
MIRM,2024-01-04 17:00:00+00:00,29.21,29.34,29.135,29.21,32623.0,830.0,29.225631
MIRM,2024-01-04 18:00:00+00:00,29.2,29.64,29.15,29.62,50588.0,1217.0,29.393195
MIRM,2024-01-04 19:00:00+00:00,29.63,29.99,29.6,29.7,46556.0,1216.0,29.779717
MIRM,2024-01-04 20:00:00+00:00,29.72,29.81,29.555,29.68,170602.0,3606.0,29.664742
MIRM,2024-01-04 21:00:00+00:00,29.68,29.68,29.68,29.68,70567.0,16.0,29.679951
MIRM,2024-01-05 14:00:00+00:00,29.46,29.6,29.26,29.34,23221.0,428.0,29.455198
MIRM,2024-01-05 15:00:00+00:00,29.38,29.38,29.05,29.3,37539.0,916.0,29.216888
MIRM,2024-01-05 16:00:00+00:00,29.305,29.32,29.13,29.24,58391.0,760.0,29.20333
MIRM,2024-01-05 17:00:00+00:00,29.25,29.27,29.11,29.23,46110.0,802.0,29.198495
MIRM,2024-01-05 18:00:00+00:00,29.215,29.23,28.99,29.06,30773.0,768.0,29.137349
MIRM,2024-01-05 19:00:00+00:00,29.06,29.1199,28.93,29.03,41376.0,917.0,29.027349
MIRM,2024-01-05 20:00:00+00:00,29.01,29.06,28.775,28.85,104205.0,2515.0,28.921595
MIRM,2024-01-05 21:00:00+00:00,28.85,28.85,28.85,28.85,58980.0,14.0,28.85
MIRM,2024-01-08 13:00:00+00:00,29.15,29.15,29.15,29.15,170.0,2.0,29.088235
MIRM,2024-01-08 14:00:00+00:00,28.45,28.45,27.69,27.99,79867.0,975.0,28.036852
MIRM,2024-01-08 15:00:00+00:00,28.1599,28.21,27.11,28.11,266852.0,3195.0,27.691591
MIRM,2024-01-08 16:00:00+00:00,28.05,28.33,27.9,27.96,79275.0,1539.0,28.063055
MIRM,2024-01-08 17:00:00+00:00,28.0,28.28,27.61,28.26,142880.0,2476.0,27.898238
MIRM,2024-01-08 18:00:00+00:00,28.28,28.5716,28.23,28.43,134011.0,2258.0,28.431152
MIRM,2024-01-08 19:00:00+00:00,28.425,28.46,28.11,28.25,109754.0,2318.0,28.235563
MIRM,2024-01-08 20:00:00+00:00,28.235,28.53,28.18,28.49,251742.0,4412.0,28.38773
MIRM,2024-01-08 21:00:00+00:00,28.51,28.51,28.51,28.51,151479.0,10.0,28.51
MIRM,2024-01-08 23:00:00+00:00,28.4,28.4,28.4,28.4,160.0,1.0,28.4
MIRM,2024-01-09 14:00:00+00:00,29.0,29.0,27.11,27.7,65921.0,1205.0,27.538491
MIRM,2024-01-09 15:00:00+00:00,27.74,28.5,27.74,28.35,163687.0,2520.0,28.278727
MIRM,2024-01-09 16:00:00+00:00,28.29,28.39,28.2,28.25,117177.0,1260.0,28.137619
MIRM,2024-01-09 17:00:00+00:00,28.26,28.395,28.11,28.3,141470.0,1225.0,28.138063
MIRM,2024-01-09 18:00:00+00:00,28.3245,28.35,28.14,28.28,52288.0,1079.0,28.241838
MIRM,2024-01-09 19:00:00+00:00,28.3,28.465,28.25,28.32,67522.0,1662.0,28.326729
MIRM,2024-01-09 20:00:00+00:00,28.31,28.3166,27.75,27.9,267647.0,4355.0,27.944938
MIRM,2024-01-09 21:00:00+00:00,27.91,27.91,27.91,27.91,39576.0,15.0,27.91
MIRM,2024-01-10 14:00:00+00:00,27.53,27.55,25.31,25.865,271094.0,2901.0,26.114398
MIRM,2024-01-10 15:00:00+00:00,25.865,26.49,25.65,26.275,316401.0,4681.0,25.946818
MIRM,2024-01-10 16:00:00+00:00,26.25,26.61,26.14,26.35,125193.0,2922.0,26.336487
MIRM,2024-01-10 17:00:00+00:00,26.35,26.53,26.02,26.055,101315.0,2468.0,26.287
MIRM,2024-01-10 18:00:00+00:00,26.08,26.16,25.91,26.06,69653.0,1906.0,26.043102
MIRM,2024-01-10 19:00:00+00:00,26.05,26.46,26.02,26.05,127718.0,2890.0,26.166737
MIRM,2024-01-10 20:00:00+00:00,26.07,26.29,25.96,26.29,343126.0,6083.0,26.113147
MIRM,2024-01-10 21:00:00+00:00,26.28,26.28,26.26,26.26,92438.0,9.0,26.260065
MIRM,2024-01-11 14:00:00+00:00,26.3,27.29,26.0,26.85,60816.0,1019.0,26.749572
MIRM,2024-01-11 15:00:00+00:00,26.84,26.88,26.1,26.28,99590.0,1799.0,26.368475
MIRM,2024-01-11 16:00:00+00:00,26.275,26.48,26.0875,26.425,206838.0,2125.0,26.270997
MIRM,2024-01-11 17:00:00+00:00,26.43,26.52,26.22,26.4175,76428.0,2005.0,26.400288
MIRM,2024-01-11 18:00:00+00:00,26.395,26.45,26.18,26.31,54748.0,1653.0,26.333875
MIRM,2024-01-11 19:00:00+00:00,26.35,26.8,26.33,26.77,58689.0,2068.0,26.618753
MIRM,2024-01-11 20:00:00+00:00,26.79,27.025,26.68,26.9,203677.0,4528.0,26.870188
MIRM,2024-01-11 21:00:00+00:00,26.88,26.88,26.88,26.88,123613.0,13.0,26.88
MIRM,2024-01-12 14:00:00+00:00,26.95,27.19,26.59,26.79,39619.0,957.0,26.900362
MIRM,2024-01-12 15:00:00+00:00,26.73,27.03,26.64,26.7,61922.0,1751.0,26.800554
MIRM,2024-01-12 16:00:00+00:00,26.65,26.6899,26.48,26.55,42340.0,1245.0,26.568881
MIRM,2024-01-12 17:00:00+00:00,26.54,26.89,26.44,26.81,69162.0,916.0,26.607953
MIRM,2024-01-12 18:00:00+00:00,26.84,26.86,26.5601,26.65,17740.0,574.0,26.722935
MIRM,2024-01-12 19:00:00+00:00,26.67,27.16,26.65,27.11,57876.0,1095.0,26.920255
MIRM,2024-01-12 20:00:00+00:00,27.11,27.37,27.04,27.3,138374.0,3031.0,27.244625
MIRM,2024-01-12 21:00:00+00:00,27.29,27.29,27.29,27.29,41526.0,16.0,27.29
MIRM,2024-01-16 14:00:00+00:00,26.87,27.0,26.0636,26.74,53987.0,843.0,26.569718
MIRM,2024-01-16 15:00:00+00:00,26.7,26.765,26.42,26.59,88380.0,1618.0,26.564835
MIRM,2024-01-16 16:00:00+00:00,26.56,26.77,26.44,26.69,101348.0,974.0,26.599059
MIRM,2024-01-16 17:00:00+00:00,26.7,26.91,26.64,26.82,34963.0,877.0,26.747132
MIRM,2024-01-16 18:00:00+00:00,26.85,26.89,26.59,26.625,27885.0,851.0,26.732227
MIRM,2024-01-16 19:00:00+00:00,26.6,26.75,26.59,26.685,38276.0,939.0,26.654204
MIRM,2024-01-16 20:00:00+00:00,26.6882,26.73,26.24,26.71,249556.0,4714.0,26.538358
MIRM,2024-01-16 21:00:00+00:00,26.72,26.72,26.72,26.72,240505.0,20.0,26.72
