c,h,l,n,o,t,v,vw
40.5,40.5,40.5,4,40.5,2024-01-11T09:00:00Z,250,40.712
41.0,41.0,41.0,1,41.0,2024-01-11T09:25:00Z,100,41.0
41.0,41.0,41.0,2,41.0,2024-01-11T09:45:00Z,1200,41.0
41.0,41.0,41.0,1,41.0,2024-01-11T09:50:00Z,100,41.0
41.0,41.0,41.0,2,41.0,2024-01-11T10:10:00Z,168,40.996012
41.0,41.0,41.0,2,41.0,2024-01-11T10:30:00Z,2800,41.0
40.5,40.5,40.5,2,40.5,2024-01-11T10:35:00Z,150,40.5
41.0,41.0,41.0,1,41.0,2024-01-11T11:10:00Z,185,41.0
41.5,41.5,41.5,1,41.5,2024-01-11T11:40:00Z,100,41.5
42.0,42.0,41.34,26,41.34,2024-01-11T11:45:00Z,964,41.72612
41.99,41.99,41.31,9,41.31,2024-01-11T11:50:00Z,855,41.514351
42.0,42.05,41.8,30,41.99,2024-01-11T11:55:00Z,11493,41.82653
42.1,42.1,42.08,22,42.08,2024-01-11T12:00:00Z,2370,42.091519
42.21,42.45,42.11,38,42.11,2024-01-11T12:05:00Z,7014,42.266329
42.0,42.37,42.0,34,42.16,2024-01-11T12:10:00Z,2018,42.148028
41.9,42.0,41.66,36,41.95,2024-01-11T12:15:00Z,6252,41.914837
41.96,41.98,41.88,14,41.98,2024-01-11T12:20:00Z,996,41.930352
42.0,42.0,41.93,20,41.93,2024-01-11T12:25:00Z,8354,41.984513
42.03,42.25,41.98,36,42.0,2024-01-11T12:30:00Z,6511,42.022368
42.28,42.28,42.1,20,42.15,2024-01-11T12:35:00Z,1444,42.231517
42.26,42.28,42.23,56,42.28,2024-01-11T12:40:00Z,8299,42.259407
42.22,42.26,41.8,86,42.25,2024-01-11T12:45:00Z,18041,42.181014
42.08,42.23,42.08,86,42.22,2024-01-11T12:50:00Z,11588,42.169541
42.19,42.19,42.02,71,42.11,2024-01-11T12:55:00Z,30585,42.10615
42.2,42.42,41.87,327,42.1,2024-01-11T13:00:00Z,32077,42.140467
42.2,42.2,42.1499,115,42.18,2024-01-11T13:05:00Z,13180,42.180439
42.15,42.22,42.1,131,42.2,2024-01-11T13:10:00Z,20789,42.187768
41.95,42.1,41.78,184,42.1,2024-01-11T13:15:00Z,31883,41.91415
42.04,42.15,41.9,118,41.93,2024-01-11T13:20:00Z,30899,42.022314
41.95,42.2,41.9,136,42.05,2024-01-11T13:25:00Z,14082,42.151669
42.13,42.15,41.75,399,41.96,2024-01-11T13:30:00Z,51015,42.011545
42.0,42.13,42.0,229,42.11,2024-01-11T13:35:00Z,27209,42.073711
41.97,42.02,41.85,139,41.99,2024-01-11T13:40:00Z,45710,41.989238
42.08,42.09,41.97,335,41.97,2024-01-11T13:45:00Z,38862,42.03822
42.08,42.13,42.0,375,42.06,2024-01-11T13:50:00Z,47289,42.069321
42.1,42.1299,42.0,332,42.1,2024-01-11T13:55:00Z,38510,42.051591
42.29,42.29,42.05,242,42.08,2024-01-11T14:00:00Z,52090,42.202736
42.48,42.49,42.29,201,42.29,2024-01-11T14:05:00Z,42467,42.332435
42.45,42.49,42.23,292,42.48,2024-01-11T14:10:00Z,58548,42.29677
42.35,42.49,42.34,187,42.41,2024-01-11T14:15:00Z,28164,42.427548
42.16,42.36,42.16,258,42.36,2024-01-11T14:20:00Z,49084,42.222573
42.25,42.31,42.12,524,42.19,2024-01-11T14:25:00Z,212473,42.207376
42.0301,42.3,41.5,7627,42.25,2024-01-11T14:30:00Z,2008194,41.996363
42.31,42.5,41.97,5510,42.03,2024-01-11T14:35:00Z,1304668,42.234173
42.68,42.7,42.3003,6206,42.3003,2024-01-11T14:40:00Z,1574292,42.522203
43.21,43.21,42.5,7660,42.6899,2024-01-11T14:45:00Z,1681311,43.018716
43.1002,43.5,43.03,6577,43.21,2024-01-11T14:50:00Z,1352941,43.228788
42.9679,43.1499,42.85,8315,43.1001,2024-01-11T14:55:00Z,1387380,43.02169
42.84,43.08,42.81,6385,42.97,2024-01-11T15:00:00Z,1314004,42.947255
42.4,42.85,42.37,6129,42.8499,2024-01-11T15:05:00Z,1566725,42.576924
42.485,42.6,42.29,4189,42.4,2024-01-11T15:10:00Z,1113507,42.437129
42.15,42.52,42.02,4618,42.485,2024-01-11T15:15:00Z,829139,42.246895
42.22,42.49,42.07,4585,42.11,2024-01-11T15:20:00Z,998942,42.270292
42.27,42.33,42.1101,4463,42.22,2024-01-11T15:25:00Z,974257,42.250598
41.935,42.3,41.81,5257,42.2799,2024-01-11T15:30:00Z,961731,42.142569
41.76,42.07,41.72,6309,41.9499,2024-01-11T15:35:00Z,1644922,41.952266
41.56,41.83,41.3201,5591,41.76,2024-01-11T15:40:00Z,1202797,41.610464
41.2399,41.58,41.16,4130,41.56,2024-01-11T15:45:00Z,847194,41.335708
41.1,41.2499,40.82,5402,41.2399,2024-01-11T15:50:00Z,1122184,41.082787
41.13,41.15,40.9101,3612,41.1,2024-01-11T15:55:00Z,674025,41.076024
41.18,41.28,40.9,2764,41.13,2024-01-11T16:00:00Z,573621,41.098467
40.58,41.21,40.55,2593,41.18,2024-01-11T16:05:00Z,542619,40.832131
40.49,40.67,40.45,4011,40.57,2024-01-11T16:10:00Z,706380,40.569348
40.76,40.88,40.41,4849,40.49,2024-01-11T16:15:00Z,830059,40.580154
40.54,40.85,40.42,4398,40.76,2024-01-11T16:20:00Z,1451569,40.578107
40.38,40.6,40.33,3553,40.54,2024-01-11T16:25:00Z,582530,40.478945
40.5801,40.6499,40.14,3561,40.375,2024-01-11T16:30:00Z,710564,40.411077
40.8499,40.86,40.61,2615,40.64,2024-01-11T16:35:00Z,399583,40.754994
40.72,41.13,40.63,3415,40.835,2024-01-11T16:40:00Z,594765,40.839252
40.87,40.9,40.5201,2443,40.72,2024-01-11T16:45:00Z,483580,40.748189
40.56,40.9,40.32,2778,40.87,2024-01-11T16:50:00Z,1059773,40.513826
40.43,40.62,40.3601,2538,40.55,2024-01-11T16:55:00Z,430690,40.4677
40.51,40.56,40.29,1889,40.4699,2024-01-11T17:00:00Z,453314,40.43697
40.59,40.6,40.46,1516,40.49,2024-01-11T17:05:00Z,400788,40.529355
40.56,40.62,40.44,1990,40.6,2024-01-11T17:10:00Z,604011,40.533732
40.38,40.62,40.2801,1246,40.5799,2024-01-11T17:15:00Z,288535,40.408339
40.41,40.46,40.35,1039,40.37,2024-01-11T17:20:00Z,519642,40.3886
40.2694,40.4999,40.21,1281,40.41,2024-01-11T17:25:00Z,267186,40.326602
40.29,40.33,40.23,1740,40.2699,2024-01-11T17:30:00Z,614444,40.276712
40.31,40.33,40.2501,990,40.31,2024-01-11T17:35:00Z,267051,40.293729
40.73,40.8,40.28,2712,40.31,2024-01-11T17:40:00Z,742266,40.519543
40.66,40.8,40.61,2825,40.72,2024-01-11T17:45:00Z,597604,40.715587
40.89,40.9,40.59,2994,40.67,2024-01-11T17:50:00Z,728824,40.720929
41.0,41.07,40.76,3120,40.89,2024-01-11T17:55:00Z,524438,40.911897
40.77,41.0,40.75,980,40.9999,2024-01-11T18:00:00Z,219786,40.863521
40.85,40.85,40.75,1592,40.77,2024-01-11T18:05:00Z,586145,40.793778
40.79,40.85,40.72,1564,40.85,2024-01-11T18:10:00Z,257817,40.789485
40.78,40.9,40.7,2252,40.78,2024-01-11T18:15:00Z,564110,40.797955
40.8,40.85,40.75,2259,40.78,2024-01-11T18:20:00Z,350720,40.800353
40.88,40.93,40.79,2342,40.8,2024-01-11T18:25:00Z,377299,40.838935
40.92,40.94,40.84,1988,40.89,2024-01-11T18:30:00Z,309470,40.910124
41.14,41.14,40.91,2471,40.92,2024-01-11T18:35:00Z,390870,41.006642
41.03,41.12,41.0,2148,41.115,2024-01-11T18:40:00Z,341903,41.052133
40.99,41.06,40.96,1441,41.03,2024-01-11T18:45:00Z,265745,41.01373
40.975,40.9899,40.88,1514,40.9899,2024-01-11T18:50:00Z,407126,40.937197
41.02,41.03,40.96,1697,40.97,2024-01-11T18:55:00Z,314450,40.996888
40.905,41.0299,40.88,1376,41.02,2024-01-11T19:00:00Z,291879,40.950944
40.89,40.91,40.86,1181,40.9,2024-01-11T19:05:00Z,309250,40.892541
40.9113,40.92,40.86,1349,40.89,2024-01-11T19:10:00Z,309951,40.899175
40.85,40.96,40.83,1338,40.92,2024-01-11T19:15:00Z,337187,40.930184
40.785,40.9,40.74,1551,40.8513,2024-01-11T19:20:00Z,300672,40.827315
40.92,40.9302,40.78,2216,40.785,2024-01-11T19:25:00Z,416117,40.854989
40.9,40.94,40.87,2225,40.9,2024-01-11T19:30:00Z,389998,40.90716
40.895,40.92,40.86,2531,40.9014,2024-01-11T19:35:00Z,399803,40.895022
40.875,40.9,40.83,2198,40.895,2024-01-11T19:40:00Z,336607,40.863855
40.93,40.94,40.87,2864,40.875,2024-01-11T19:45:00Z,528900,40.917838
40.785,40.94,40.78,2131,40.935,2024-01-11T19:50:00Z,398179,40.847687
40.955,40.96,40.77,2429,40.77,2024-01-11T19:55:00Z,490860,40.880145
41.04,41.05,40.95,2339,40.9599,2024-01-11T20:00:00Z,359323,41.004731
41.09,41.14,41.05,2639,41.05,2024-01-11T20:05:00Z,446362,41.098353
41.18,41.22,41.08,2721,41.095,2024-01-11T20:10:00Z,654030,41.141351
41.1,41.175,41.02,3160,41.17,2024-01-11T20:15:00Z,444125,41.10647
41.14,41.1699,41.06,2797,41.11,2024-01-11T20:20:00Z,464054,41.108488
41.1099,41.19,41.09,2774,41.14,2024-01-11T20:25:00Z,588360,41.149677
40.9,41.11,40.83,2308,41.1,2024-01-11T20:30:00Z,649070,40.992935
40.82,40.91,40.7,2040,40.9,2024-01-11T20:35:00Z,408863,40.805136
40.87,40.91,40.7,1983,40.815,2024-01-11T20:40:00Z,519185,40.822992
40.95,41.02,40.84,2408,40.86,2024-01-11T20:45:00Z,1234608,40.998434
40.84,40.94,40.77,1992,40.94,2024-01-11T20:50:00Z,2318015,40.90438
40.68,40.8646,40.61,2320,40.84,2024-01-11T20:55:00Z,957671,40.757883
40.75,40.78,40.65,27,40.69,2024-01-11T21:00:00Z,430675,40.690858
40.75,40.93,40.75,47,40.77,2024-01-11T21:05:00Z,5907,40.795753
40.76,40.98,40.69,40,40.69,2024-01-11T21:10:00Z,3988,40.874624
40.93,41.07,40.78,76,40.9,2024-01-11T21:15:00Z,11682,40.914672
40.8,40.93,40.8,6,40.93,2024-01-11T21:20:00Z,2108,40.917561
40.88,40.88,40.8,42,40.8,2024-01-11T21:25:00Z,11685,40.835626
40.93,41.04,40.93,13,41.04,2024-01-11T21:30:00Z,529,40.950926
40.94,40.94,40.94,9,40.94,2024-01-11T21:35:00Z,360,40.948306
40.81,40.97,40.75,40,40.97,2024-01-11T21:40:00Z,3114,40.883221
40.88,40.9,40.8784,71,40.9,2024-01-11T21:45:00Z,11623,40.888478
40.95,40.95,40.77,47,40.8,2024-01-11T21:50:00Z,11893,40.935476
40.9,40.95,40.77,12,40.9,2024-01-11T21:55:00Z,712,40.845983
40.86,40.9699,40.86,17,40.94,2024-01-11T22:00:00Z,4289,40.896388
40.9,40.9,40.89,15,40.9,2024-01-11T22:05:00Z,1443,40.896299
40.97,40.97,40.97,10,40.97,2024-01-11T22:10:00Z,1425,40.96873
40.9,41.0,40.9,16,41.0,2024-01-11T22:20:00Z,1264,40.93193
40.89,40.9,40.88,7,40.9,2024-01-11T22:25:00Z,882,40.886973
40.88,40.88,40.88,3,40.88,2024-01-11T22:30:00Z,202,40.88005
40.85,40.85,40.85,4,40.85,2024-01-11T22:35:00Z,538,40.852268
40.8,40.8,40.8,14,40.8,2024-01-11T22:40:00Z,1207,40.80362
40.79,40.8,40.79,18,40.8,2024-01-11T22:45:00Z,1131,40.819204
40.81,40.95,40.77,22,40.95,2024-01-11T22:50:00Z,1286,40.811365
40.85,40.85,40.81,5,40.81,2024-01-11T22:55:00Z,1292,40.813932
40.85,42.25,40.85,33,40.85,2024-01-11T23:00:00Z,2494,41.521881
41.1,41.1,41.1,3,41.1,2024-01-11T23:05:00Z,102,41.1
40.97,40.97,40.97,5,40.97,2024-01-11T23:10:00Z,123,40.969931
40.9,41.09,40.9,19,40.97,2024-01-11T23:15:00Z,2921,40.954053
41.09,41.09,41.09,2,41.09,2024-01-11T23:20:00Z,115,41.065217
41.1,41.1,40.69,5,40.69,2024-01-11T23:30:00Z,263,41.097985
40.95,41.09,40.95,14,41.09,2024-01-11T23:35:00Z,926,41.040907
40.9,40.9,40.9,2,40.9,2024-01-11T23:40:00Z,130,40.923077
41.1,41.1,41.1,6,41.1,2024-01-11T23:45:00Z,123,41.084715
41.0,41.0,41.0,2,41.0,2024-01-11T23:50:00Z,113,41.0
41.08,41.08,41.0,9,41.0,2024-01-11T23:55:00Z,1062,41.053586
40.9,40.99,40.9,6,40.99,2024-01-12T00:05:00Z,482,40.922199
40.96,41.0,40.93,16,40.93,2024-01-12T00:10:00Z,1183,40.949345
40.95,40.95,40.95,5,40.95,2024-01-12T00:15:00Z,2292,40.952531
40.93,41.04,40.93,14,41.04,2024-01-12T00:25:00Z,1003,40.95989
40.93,40.93,40.85,20,40.85,2024-01-12T00:35:00Z,1121,40.883435
41.01,41.04,40.91,11,40.91,2024-01-12T00:45:00Z,1149,41.012249
40.95,41.02,40.94,9,41.02,2024-01-12T00:50:00Z,3439,40.950349
40.95,40.99,40.94,16,40.94,2024-01-12T00:55:00Z,1593,40.951531
40.6,40.6,40.6,2,40.6,2024-01-12T09:05:00Z,172,40.612558
40.77,40.77,40.58,6,40.58,2024-01-12T09:10:00Z,602,40.677608
40.25,40.25,40.25,2,40.25,2024-01-12T09:30:00Z,855,40.250877
40.5,40.5,40.5,4,40.5,2024-01-12T09:40:00Z,300,40.5
40.5,40.5,40.5,2,40.5,2024-01-12T09:45:00Z,500,40.5
40.61,40.61,40.61,2,40.61,2024-01-12T09:50:00Z,102,40.607843
40.5,40.5,40.5,4,40.5,2024-01-12T09:55:00Z,800,40.5
40.5,40.5,40.5,3,40.5,2024-01-12T10:00:00Z,600,40.5
40.31,40.31,40.3,2,40.3,2024-01-12T10:10:00Z,329,40.30304
40.9,40.9,40.5,16,40.5,2024-01-12T10:55:00Z,4180,40.861112
40.7,40.7,40.7,3,40.7,2024-01-12T11:00:00Z,402,40.69995
40.7,40.7,40.7,2,40.7,2024-01-12T11:15:00Z,248,40.627419
40.8,40.8,40.8,2,40.8,2024-01-12T11:40:00Z,555,40.801802
40.8,40.8,40.8,2,40.8,2024-01-12T11:45:00Z,500,40.8
40.8,40.8,40.8,1,40.8,2024-01-12T11:50:00Z,132,40.8
40.71,40.71,40.71,25,40.71,2024-01-12T12:00:00Z,1005,40.739751
40.56,40.68,40.56,34,40.68,2024-01-12T12:05:00Z,2646,40.577377
40.5,40.5,40.5,18,40.5,2024-01-12T12:10:00Z,2551,40.50149
40.5,40.5,40.45,10,40.45,2024-01-12T12:15:00Z,1605,40.494766
40.5,40.5,40.5,4,40.5,2024-01-12T12:20:00Z,254,40.5
40.62,40.62,40.62,2,40.62,2024-01-12T12:25:00Z,339,40.62
40.69,40.69,40.61,23,40.61,2024-01-12T12:30:00Z,1857,40.667668
40.55,40.55,40.55,14,40.55,2024-01-12T12:35:00Z,750,40.566
40.55,40.57,40.55,17,40.55,2024-01-12T12:40:00Z,1104,40.555317
40.45,40.5,40.45,29,40.5,2024-01-12T12:45:00Z,1840,40.474158
40.33,40.43,40.33,49,40.43,2024-01-12T12:50:00Z,5693,40.360987
40.4,40.4,40.35,16,40.35,2024-01-12T12:55:00Z,3454,40.377585
40.44,40.89,40.35,143,40.5012,2024-01-12T13:00:00Z,17826,40.461466
40.4,40.45,40.396,22,40.4,2024-01-12T13:05:00Z,3089,40.418997
40.48,40.48,40.42,33,40.42,2024-01-12T13:10:00Z,4792,40.43962
40.37,40.48,40.33,22,40.48,2024-01-12T13:15:00Z,3784,40.379134
40.4,40.4,40.34,35,40.36,2024-01-12T13:20:00Z,6063,40.356053
40.4,40.48,40.4,27,40.4,2024-01-12T13:25:00Z,4050,40.444232
40.35,40.4,40.33,36,40.33,2024-01-12T13:35:00Z,3115,40.375937
40.24,40.35,40.24,69,40.35,2024-01-12T13:40:00Z,4204,40.321855
40.35,40.35,40.26,36,40.29,2024-01-12T13:45:00Z,10976,40.311729
40.4,40.4,40.35,14,40.35,2024-01-12T13:50:00Z,988,40.390081
40.4,40.45,40.4,18,40.45,2024-01-12T13:55:00Z,2555,40.410141
40.36,40.43,40.36,18,40.4,2024-01-12T14:00:00Z,2385,40.396524
40.35,40.4,40.35,44,40.4,2024-01-12T14:05:00Z,3770,40.369464
40.4,40.4,40.33,50,40.33,2024-01-12T14:10:00Z,7101,40.348006
40.36,40.44,40.33,145,40.4,2024-01-12T14:15:00Z,27650,40.378894
40.25,40.36,40.23,89,40.36,2024-01-12T14:20:00Z,16252,40.296523
40.49,40.49,40.22,147,40.25,2024-01-12T14:25:00Z,50255,40.283767
40.045,40.47,40.02,5367,40.39,2024-01-12T14:30:00Z,1262196,40.231866
39.7789,40.0699,39.75,4232,40.046,2024-01-12T14:35:00Z,909521,39.936634
39.655,39.79,39.65,4366,39.775,2024-01-12T14:40:00Z,1777266,39.703646
39.735,39.83,39.59,4114,39.655,2024-01-12T14:45:00Z,1118896,39.71271
39.68,39.77,39.65,3191,39.73,2024-01-12T14:50:00Z,853433,39.718787
39.64,39.77,39.62,2070,39.68,2024-01-12T14:55:00Z,512476,39.700081
39.56,39.685,39.51,2405,39.64,2024-01-12T15:00:00Z,606494,39.614847
39.425,39.57,39.41,3556,39.565,2024-01-12T15:05:00Z,796626,39.478922
39.38,39.5,39.36,3321,39.4147,2024-01-12T15:10:00Z,733882,39.428056
39.21,39.39,39.2,3503,39.38,2024-01-12T15:15:00Z,1397526,39.335814
38.9567,39.22,38.92,3917,39.2012,2024-01-12T15:20:00Z,815266,39.12017
39.1427,39.15,38.91,3792,38.94,2024-01-12T15:25:00Z,978691,39.037517
39.07,39.22,38.9901,2739,39.15,2024-01-12T15:30:00Z,483497,39.109948
38.81,39.07,38.79,3243,39.065,2024-01-12T15:35:00Z,630833,38.957709
38.92,38.95,38.75,3406,38.815,2024-01-12T15:40:00Z,1738198,38.879862
38.84,38.95,38.76,4195,38.92,2024-01-12T15:45:00Z,840673,38.861041
38.81,38.94,38.8,2368,38.8399,2024-01-12T15:50:00Z,551961,38.862716
38.6802,38.85,38.66,4180,38.8115,2024-01-12T15:55:00Z,1863774,38.719283
38.75,38.79,38.63,3103,38.69,2024-01-12T16:00:00Z,517599,38.698259
38.9863,39.0,38.67,3587,38.745,2024-01-12T16:05:00Z,908035,38.791548
38.67,38.98,38.65,2756,38.96,2024-01-12T16:10:00Z,1280847,38.789856
38.53,38.68,38.35,4111,38.67,2024-01-12T16:15:00Z,708178,38.516442
38.53,38.6,38.38,3662,38.53,2024-01-12T16:20:00Z,573549,38.461293
38.49,38.69,38.46,3344,38.54,2024-01-12T16:25:00Z,711420,38.547178
38.34,38.56,38.33,2830,38.48,2024-01-12T16:30:00Z,816810,38.454768
37.98,38.35,37.85,3223,38.35,2024-01-12T16:35:00Z,500816,38.142727
37.99,38.14,37.87,2273,37.9999,2024-01-12T16:40:00Z,432881,38.017289
38.34,38.36,37.98,2034,37.99,2024-01-12T16:45:00Z,846544,38.193025
37.7901,38.35,37.77,3423,38.34,2024-01-12T16:50:00Z,596403,38.117314
38.0735,38.1,37.8,3153,37.8,2024-01-12T16:55:00Z,691037,37.970033
38.085,38.19,38.04,2597,38.075,2024-01-12T17:00:00Z,585622,38.100549
38.26,38.32,38.08,2113,38.085,2024-01-12T17:05:00Z,412266,38.216979
38.14,38.265,38.07,2270,38.26,2024-01-12T17:10:00Z,407926,38.147422
38.064,38.26,38.06,2486,38.14,2024-01-12T17:15:00Z,514136,38.123274
38.11,38.18,37.9301,2208,38.065,2024-01-12T17:20:00Z,597543,38.054663
38.07,38.14,37.92,1879,38.12,2024-01-12T17:25:00Z,414556,38.012443
38.14,38.19,37.98,1780,38.07,2024-01-12T17:30:00Z,456788,38.095047
38.2295,38.24,38.12,1639,38.145,2024-01-12T17:35:00Z,352484,38.169972
38.1,38.23,38.08,1693,38.2224,2024-01-12T17:40:00Z,433310,38.145928
38.185,38.25,38.0901,2177,38.1,2024-01-12T17:45:00Z,452720,38.171338
38.18,38.2,38.11,1688,38.19,2024-01-12T17:50:00Z,301521,38.151618
38.32,38.33,38.15,1592,38.18,2024-01-12T17:55:00Z,414654,38.208862
38.41,38.4395,38.24,1675,38.3044,2024-01-12T18:00:00Z,322222,38.324407
38.3699,38.44,38.28,1655,38.405,2024-01-12T18:05:00Z,306542,38.369444
38.285,38.36,38.26,1594,38.36,2024-01-12T18:10:00Z,275384,38.311295
38.245,38.3102,38.22,1674,38.285,2024-01-12T18:15:00Z,282403,38.268185
38.24,38.32,38.24,1433,38.245,2024-01-12T18:20:00Z,249372,38.268849
38.1501,38.255,38.14,1738,38.24,2024-01-12T18:25:00Z,280033,38.20011
38.025,38.16,38.02,1599,38.1585,2024-01-12T18:30:00Z,276651,38.083544
37.9771,38.05,37.95,1920,38.025,2024-01-12T18:35:00Z,337746,37.985084
38.0075,38.05,37.95,1568,37.96,2024-01-12T18:40:00Z,392060,37.983434
38.0819,38.12,37.96,1939,38.0075,2024-01-12T18:45:00Z,403153,38.044484
38.115,38.13,38.07,1875,38.0814,2024-01-12T18:50:00Z,301719,38.106672
38.0899,38.19,38.04,1967,38.115,2024-01-12T18:55:00Z,367505,38.124864
38.02,38.0899,37.95,1735,38.0899,2024-01-12T19:00:00Z,400942,38.006728
37.99,38.08,37.95,1877,38.02,2024-01-12T19:05:00Z,331634,38.001542
37.9623,38.005,37.9004,1956,37.99,2024-01-12T19:10:00Z,335149,37.955183
38.145,38.18,37.9,2468,37.95,2024-01-12T19:15:00Z,441641,38.045717
38.2,38.23,38.14,1889,38.145,2024-01-12T19:20:00Z,306751,38.173228
38.3,38.35,38.205,1868,38.205,2024-01-12T19:25:00Z,304183,38.268123
38.27,38.35,38.21,2080,38.3,2024-01-12T19:30:00Z,351416,38.302471
38.265,38.29,38.24,1496,38.265,2024-01-12T19:35:00Z,259783,38.255979
38.2,38.31,38.17,1522,38.27,2024-01-12T19:40:00Z,240180,38.232605
38.19,38.3199,38.18,1942,38.205,2024-01-12T19:45:00Z,355873,38.220154
38.23,38.25,38.18,1608,38.19,2024-01-12T19:50:00Z,332753,38.233271
38.17,38.2399,38.17,1712,38.23,2024-01-12T19:55:00Z,339635,38.196955
38.265,38.275,38.13,2204,38.17,2024-01-12T20:00:00Z,399497,38.193599
38.395,38.4,38.265,1905,38.265,2024-01-12T20:05:00Z,368238,38.344999
38.435,38.44,38.3,3157,38.3991,2024-01-12T20:10:00Z,615708,38.377661
38.435,38.5,38.38,3666,38.435,2024-01-12T20:15:00Z,714850,38.434874
38.495,38.54,38.42,4684,38.435,2024-01-12T20:20:00Z,716197,38.497489
38.535,38.58,38.495,4186,38.5,2024-01-12T20:25:00Z,641113,38.530313
38.505,38.59,38.49,2642,38.54,2024-01-12T20:30:00Z,508626,38.544914
38.69,38.69,38.5,3738,38.505,2024-01-12T20:35:00Z,627045,38.625478
38.67,38.69,38.58,2970,38.69,2024-01-12T20:40:00Z,493690,38.62923
38.74,38.74,38.61,2633,38.67,2024-01-12T20:45:00Z,579639,38.667293
38.65,38.77,38.6,3980,38.74,2024-01-12T20:50:00Z,665169,38.680175
38.58,38.66,38.54,4733,38.66,2024-01-12T20:55:00Z,818966,38.597364
38.78,38.94,38.58,81,38.58,2024-01-12T21:00:00Z,13530,38.685076
38.75,38.7998,38.71,42,38.75,2024-01-12T21:05:00Z,9206,38.772763
38.94,38.94,38.58,92,38.58,2024-01-12T21:10:00Z,288381,38.642429
38.75,38.75,38.65,14,38.72,2024-01-12T21:15:00Z,1671,38.689737
38.58,38.65,38.58,18,38.65,2024-01-12T21:20:00Z,1216,38.589433
38.55,38.68,38.55,33,38.6,2024-01-12T21:25:00Z,3031,38.623092
38.55,38.55,38.55,12,38.55,2024-01-12T21:30:00Z,207,38.545556
38.4899,38.4899,38.4899,4,38.4899,2024-01-12T21:35:00Z,208,38.484933
38.31,38.52,38.31,34,38.52,2024-01-12T21:40:00Z,2062,38.371702
38.31,38.48,38.31,8,38.31,2024-01-12T21:45:00Z,2423,38.318638
38.22,38.22,38.2,9,38.2,2024-01-12T21:50:00Z,507,38.21716
38.26,38.26,38.26,3,38.26,2024-01-12T21:55:00Z,172,38.260116
37.69,38.55,37.5,343,38.55,2024-01-12T22:00:00Z,12353,37.85431
37.6,37.69,37.6,11,37.69,2024-01-12T22:05:00Z,1701,37.608918
37.75,37.75,37.5,33,37.5,2024-01-12T22:10:00Z,15092,37.582107
37.56,37.92,37.49,63,37.6,2024-01-12T22:15:00Z,9955,37.546046
37.4,37.83,37.0,163,37.5,2024-01-12T22:20:00Z,12082,37.357932
37.2,37.37,37.07,31,37.07,2024-01-12T22:25:00Z,3944,37.35041
37.08,37.2501,36.98,184,37.17,2024-01-12T22:30:00Z,13900,37.047047
37.56,37.56,37.13,16,37.51,2024-01-12T22:35:00Z,1461,37.515441
37.52,37.6,37.4,22,37.6,2024-01-12T22:40:00Z,1870,37.493946
37.21,37.52,37.21,9,37.52,2024-01-12T22:45:00Z,1424,37.294529
37.41,37.55,37.41,12,37.55,2024-01-12T22:50:00Z,1100,37.454678
37.9,37.9,37.59,8,37.59,2024-01-12T22:55:00Z,507,37.76067
37.55,37.89,37.5,17,37.89,2024-01-12T23:00:00Z,795,37.613359
37.1801,37.5,37.18,61,37.5,2024-01-12T23:05:00Z,10544,37.368027
37.1,37.3,37.01,70,37.18,2024-01-12T23:10:00Z,24040,37.18717
37.59,37.59,37.06,31,37.1,2024-01-12T23:15:00Z,11909,37.208935
37.54,37.54,37.14,162,37.2,2024-01-12T23:20:00Z,10026,37.370925
37.36,37.51,37.28,23,37.28,2024-01-12T23:25:00Z,1406,37.406714
37.37,38.58,37.35,12,38.58,2024-01-12T23:30:00Z,1974,37.412725
37.51,37.51,37.5,74,37.5,2024-01-12T23:35:00Z,4419,37.501007
37.35,37.51,37.35,36,37.51,2024-01-12T23:40:00Z,2378,37.440248
37.35,37.35,37.35,8,37.35,2024-01-12T23:45:00Z,5813,37.350303
37.5,37.5,37.5,52,37.5,2024-01-12T23:50:00Z,2642,37.508626
37.6,37.63,37.6,22,37.63,2024-01-12T23:55:00Z,1117,37.596965
37.48,37.61,37.31,37,37.37,2024-01-13T00:00:00Z,2981,37.487406
37.5,37.5,37.4,31,37.42,2024-01-13T00:05:00Z,2864,37.435454
37.5,37.5,37.45,73,37.45,2024-01-13T00:10:00Z,3352,37.488381
37.5,37.5,37.5,3,37.5,2024-01-13T00:15:00Z,555,37.481892
37.63,37.63,37.43,21,37.61,2024-01-13T00:20:00Z,2916,37.547349
37.53,37.63,37.5004,59,37.59,2024-01-13T00:25:00Z,5086,37.547265
37.34,37.5,37.34,78,37.5,2024-01-13T00:30:00Z,3775,37.488003
37.5,37.5,37.38,9,37.38,2024-01-13T00:35:00Z,1649,37.456109
37.52,37.63,37.52,17,37.63,2024-01-13T00:40:00Z,1747,37.593469
37.6,37.6,37.5,24,37.52,2024-01-13T00:45:00Z,2505,37.533489
37.55,37.55,37.5,27,37.55,2024-01-13T00:50:00Z,3091,37.535053
37.6,37.75,37.43,55,37.43,2024-01-13T00:55:00Z,2325,37.610215
38.5,38.5,37.6,27,37.6,2024-01-16T09:00:00Z,753,37.873691
38.18,38.18,38.18,1,38.18,2024-01-16T09:15:00Z,100,38.18
38.18,38.18,38.18,1,38.18,2024-01-16T09:20:00Z,100,38.18
38.12,38.18,38.12,3,38.18,2024-01-16T09:25:00Z,300,38.14
38.12,38.12,38.12,3,38.12,2024-01-16T09:30:00Z,209,38.124306
38.2,38.2,38.2,1,38.2,2024-01-16T09:35:00Z,100,38.2
37.92,37.92,37.92,4,37.92,2024-01-16T11:30:00Z,142,37.928873
37.9,37.9,37.9,5,37.9,2024-01-16T11:50:00Z,1000,37.9
37.92,37.92,37.92,3,37.92,2024-01-16T11:55:00Z,125,37.92
37.93,37.93,37.71,85,37.71,2024-01-16T12:00:00Z,2422,37.817675
37.95,37.95,37.95,5,37.95,2024-01-16T12:05:00Z,334,37.949641
38.0,38.0,37.88,11,37.88,2024-01-16T12:10:00Z,801,37.983271
37.95,37.95,37.94,3,37.94,2024-01-16T12:15:00Z,1000,37.94712
37.94,37.94,37.9,6,37.9,2024-01-16T12:20:00Z,935,37.928749
37.98,38.05,37.97,17,37.97,2024-01-16T12:25:00Z,3917,37.990299
38.04,38.04,38.04,3,38.04,2024-01-16T12:30:00Z,2996,38.04
38.1,38.1,38.1,2,38.1,2024-01-16T12:35:00Z,525,38.1
38.04,38.04,38.04,2,38.04,2024-01-16T12:40:00Z,260,38.04
38.08,38.2,38.05,10,38.1,2024-01-16T12:45:00Z,1769,38.074166
38.1,38.1,38.08,8,38.08,2024-01-16T12:50:00Z,2390,38.095816
38.15,38.15,38.08,7,38.08,2024-01-16T12:55:00Z,2805,38.110695
38.17,38.2,37.78,87,37.86,2024-01-16T13:00:00Z,11853,37.888667
38.17,38.17,38.1,4,38.1,2024-01-16T13:05:00Z,881,38.108025
38.1,38.1,38.1,15,38.1,2024-01-16T13:10:00Z,3070,38.09967
38.08,38.13,38.08,22,38.1,2024-01-16T13:15:00Z,36945,38.092162
38.09,38.13,38.06,23,38.11,2024-01-16T13:20:00Z,1323,38.104287
38.1,38.17,38.021,25,38.1,2024-01-16T13:25:00Z,5584,38.085192
38.0,38.14,38.0,21,38.1,2024-01-16T13:30:00Z,3341,38.084622
38.06,38.06,38.0,46,38.0,2024-01-16T13:35:00Z,5902,38.017659
38.0,38.01,37.93,78,37.96,2024-01-16T13:40:00Z,27531,37.94736
37.96,38.0,37.96,24,38.0,2024-01-16T13:45:00Z,3901,37.988336
37.84,37.8904,37.84,15,37.8904,2024-01-16T13:50:00Z,1197,37.88304
37.816,37.85,37.8,82,37.84,2024-01-16T13:55:00Z,29140,37.832988
37.82,37.82,37.82,7,37.82,2024-01-16T14:00:00Z,1561,37.820054
37.89,37.9,37.8504,15,37.8504,2024-01-16T14:05:00Z,1455,37.887765
37.92,37.92,37.85,20,37.89,2024-01-16T14:10:00Z,3141,37.889307
37.8204,37.85,37.82,23,37.82,2024-01-16T14:15:00Z,3611,37.823883
37.85,37.87,37.82,69,37.84,2024-01-16T14:20:00Z,11380,37.842202
37.83,37.89,37.83,267,37.86,2024-01-16T14:25:00Z,91679,37.847264
37.6642,37.94,37.6,5287,37.84,2024-01-16T14:30:00Z,1465336,37.776523
37.3559,37.75,37.3,3560,37.65,2024-01-16T14:35:00Z,850722,37.478608
37.1007,37.38,37.0368,3125,37.3583,2024-01-16T14:40:00Z,622586,37.183641
37.2503,37.31,37.08,2800,37.1,2024-01-16T14:45:00Z,748979,37.18843
37.64,37.67,37.2519,3380,37.2683,2024-01-16T14:50:00Z,725666,37.485108
37.7,37.7357,37.5,2805,37.64,2024-01-16T14:55:00Z,563582,37.602214
37.6399,37.82,37.63,2972,37.71,2024-01-16T15:00:00Z,575769,37.708782
37.625,37.69,37.5701,2088,37.63,2024-01-16T15:05:00Z,585691,37.623932
37.61,37.64,37.5509,1789,37.62,2024-01-16T15:10:00Z,515823,37.598261
38.0,38.05,37.6012,2260,37.61,2024-01-16T15:15:00Z,436037,37.84934
37.97,38.04,37.9,2730,38.0,2024-01-16T15:20:00Z,544418,37.952762
37.9744,38.06,37.93,1857,37.965,2024-01-16T15:25:00Z,371698,37.998718
38.19,38.24,37.96,2301,37.98,2024-01-16T15:30:00Z,447219,38.077356
38.31,38.32,38.12,2132,38.2,2024-01-16T15:35:00Z,365021,38.233782
38.12,38.3,38.06,1980,38.3,2024-01-16T15:40:00Z,369340,38.194458
38.115,38.16,38.03,1243,38.13,2024-01-16T15:45:00Z,253312,38.087774
38.2147,38.22,38.08,1944,38.11,2024-01-16T15:50:00Z,385869,38.14996
38.29,38.3,38.19,1693,38.21,2024-01-16T15:55:00Z,396031,38.25741
38.3173,38.4285,38.25,1699,38.3,2024-01-16T16:00:00Z,303791,38.34081
38.19,38.3895,38.18,1563,38.32,2024-01-16T16:05:00Z,243335,38.236069
38.1606,38.2,38.1,1192,38.19,2024-01-16T16:10:00Z,200200,38.159987
38.05,38.18,38.05,1241,38.16,2024-01-16T16:15:00Z,272146,38.117753
38.2003,38.2385,38.06,822,38.06,2024-01-16T16:20:00Z,211384,38.168535
38.165,38.2208,38.14,1302,38.205,2024-01-16T16:25:00Z,270322,38.190125
38.2295,38.24,38.15,744,38.1785,2024-01-16T16:30:00Z,170510,38.206387
38.19,38.24,38.09,959,38.225,2024-01-16T16:35:00Z,154593,38.171386
38.2799,38.28,38.16,886,38.18,2024-01-16T16:40:00Z,194049,38.212955
38.31,38.33,38.25,936,38.28,2024-01-16T16:45:00Z,203894,38.293663
38.25,38.3499,38.2201,1188,38.32,2024-01-16T16:50:00Z,235325,38.302082
38.275,38.28,38.22,1288,38.25,2024-01-16T16:55:00Z,268818,38.242593
38.1891,38.27,38.16,956,38.26,2024-01-16T17:00:00Z,158686,38.206909
38.13,38.21,38.12,933,38.2,2024-01-16T17:05:00Z,150186,38.179386
38.12,38.16,38.09,1068,38.1305,2024-01-16T17:10:00Z,171745,38.111414
38.135,38.19,38.1,1010,38.11,2024-01-16T17:15:00Z,197007,38.14695
38.19,38.21,38.13,885,38.14,2024-01-16T17:20:00Z,189878,38.169932
38.215,38.22,38.16,946,38.185,2024-01-16T17:25:00Z,232563,38.196816
38.13,38.215,38.1,1086,38.215,2024-01-16T17:30:00Z,210786,38.152889
38.13,38.18,38.11,918,38.135,2024-01-16T17:35:00Z,188846,38.141915
38.1247,38.1399,38.085,1284,38.13,2024-01-16T17:40:00Z,222545,38.10911
38.0908,38.17,38.08,996,38.125,2024-01-16T17:45:00Z,175310,38.132326
38.095,38.1399,38.08,1085,38.1,2024-01-16T17:50:00Z,221482,38.110022
38.1,38.15,38.08,1208,38.09,2024-01-16T17:55:00Z,322341,38.112208
38.15,38.1599,38.0812,876,38.095,2024-01-16T18:00:00Z,199420,38.122232
38.11,38.1747,38.11,1043,38.14,2024-01-16T18:05:00Z,243964,38.137101
38.175,38.19,38.1131,977,38.12,2024-01-16T18:10:00Z,178645,38.155729
38.1319,38.18,38.1,1221,38.1799,2024-01-16T18:15:00Z,216556,38.132342
38.08,38.15,38.08,1431,38.13,2024-01-16T18:20:00Z,237636,38.124414
38.02,38.1,37.99,1781,38.08,2024-01-16T18:25:00Z,245103,38.035187
38.01,38.0499,37.98,1264,38.0108,2024-01-16T18:30:00Z,207778,38.010094
37.94,38.035,37.9,1326,38.0006,2024-01-16T18:35:00Z,179383,37.966545
37.95,37.966,37.91,1116,37.94,2024-01-16T18:40:00Z,172536,37.947542
38.06,38.07,37.93,1729,37.9403,2024-01-16T18:45:00Z,304481,38.001514
38.075,38.09,38.0403,949,38.06,2024-01-16T18:50:00Z,201792,38.064732
38.07,38.08,38.06,443,38.075,2024-01-16T18:55:00Z,162420,38.073703
38.0799,38.1,38.05,1429,38.065,2024-01-16T19:00:00Z,223652,38.07242
38.1401,38.18,38.07,1226,38.08,2024-01-16T19:05:00Z,225029,38.127596
38.12,38.15,38.12,1186,38.145,2024-01-16T19:10:00Z,229324,38.135458
38.12,38.16,38.11,1235,38.13,2024-01-16T19:15:00Z,206839,38.128114
38.19,38.2,38.1201,1604,38.13,2024-01-16T19:20:00Z,281908,38.163169
38.16,38.2,38.16,661,38.19,2024-01-16T19:25:00Z,109284,38.175604
38.21,38.21,38.13,1192,38.165,2024-01-16T19:30:00Z,187657,38.171232
38.195,38.21,38.16,1414,38.21,2024-01-16T19:35:00Z,221849,38.178936
38.205,38.22,38.18,1288,38.19,2024-01-16T19:40:00Z,213007,38.202782
38.1803,38.21,38.17,1685,38.2,2024-01-16T19:45:00Z,272592,38.191687
38.2,38.22,38.15,1406,38.185,2024-01-16T19:50:00Z,246462,38.181713
38.24,38.26,38.2047,1757,38.2047,2024-01-16T19:55:00Z,238045,38.238647
38.2747,38.29,38.225,2007,38.235,2024-01-16T20:00:00Z,281884,38.254579
38.29,38.3,38.25,1054,38.28,2024-01-16T20:05:00Z,140676,38.283687
38.295,38.35,38.29,3223,38.2902,2024-01-16T20:10:00Z,485872,38.327359
38.395,38.42,38.295,1955,38.3,2024-01-16T20:15:00Z,288634,38.365599
38.2843,38.41,38.25,1743,38.39,2024-01-16T20:20:00Z,252102,38.313023
38.305,38.335,38.27,1261,38.28,2024-01-16T20:25:00Z,200623,38.309591
38.31,38.37,38.28,1817,38.3021,2024-01-16T20:30:00Z,357298,38.334794
38.3301,38.34,38.29,1689,38.315,2024-01-16T20:35:00Z,305441,38.314447
38.245,38.345,38.24,1849,38.34,2024-01-16T20:40:00Z,359711,38.288666
38.23,38.26,38.16,3179,38.25,2024-01-16T20:45:00Z,535504,38.210099
38.22,38.28,38.195,2919,38.22,2024-01-16T20:50:00Z,415803,38.234318
38.37,38.37,38.2,3684,38.225,2024-01-16T20:55:00Z,608304,38.253396
38.23,38.45,38.23,29,38.33,2024-01-16T21:00:00Z,33758,38.317086
38.4,38.4,38.32,25,38.32,2024-01-16T21:10:00Z,2599,38.40359
38.49,38.49,38.46,17,38.48,2024-01-16T21:15:00Z,706037,38.493674
38.45,38.51,38.44,58,38.48,2024-01-16T21:20:00Z,12097,38.486859
38.51,38.52,38.45,50,38.45,2024-01-16T21:25:00Z,405075,38.493851
38.5899,38.59,38.54,77,38.55,2024-01-16T21:30:00Z,8778,38.573079
38.5801,38.59,38.53,100,38.53,2024-01-16T21:35:00Z,35528,38.542685
38.5,38.64,38.5,9,38.639,2024-01-16T21:40:00Z,1505,38.623143
38.47,38.56,38.47,6,38.56,2024-01-16T21:45:00Z,1185,38.512068
38.6,38.6,38.5,6,38.5,2024-01-16T21:50:00Z,703,38.568364
38.55,38.6,38.55,7,38.57,2024-01-16T21:55:00Z,1000,38.58403
38.58,38.59,38.58,3,38.59,2024-01-16T22:00:00Z,2227,38.58784
38.55,38.55,38.55,10,38.55,2024-01-16T22:05:00Z,815,38.55
38.5,38.5,38.5,2,38.5,2024-01-16T22:10:00Z,151,38.5
38.53,38.53,38.5,6,38.5,2024-01-16T22:15:00Z,310,38.509968
38.35,38.351,38.35,5,38.351,2024-01-16T22:20:00Z,1806,38.350775
38.36,38.36,38.36,1,38.36,2024-01-16T22:25:00Z,200,38.36
38.55,38.55,38.55,1,38.55,2024-01-16T22:40:00Z,152,38.55
38.4,38.4,38.4,1,38.4,2024-01-16T22:45:00Z,102,38.4
38.44,38.44,38.44,2,38.44,2024-01-16T22:50:00Z,125,38.432
38.4288,38.4288,38.4288,4,38.4288,2024-01-16T23:05:00Z,230,38.404261
38.3501,38.3501,38.3501,2,38.3501,2024-01-16T23:25:00Z,263,38.353555
38.35,38.35,38.35,2,38.35,2024-01-16T23:30:00Z,204,38.35
38.29,38.29,38.27,2,38.27,2024-01-16T23:50:00Z,200,38.28
38.28,38.29,38.28,6,38.29,2024-01-17T00:10:00Z,511,38.281938
38.0,38.0,38.0,1,38.0,2024-01-17T00:15:00Z,200,38.0
38.29,38.29,38.29,1,38.29,2024-01-17T00:20:00Z,100,38.29
38.05,38.05,38.05,9,38.05,2024-01-17T00:35:00Z,505,38.084851
38.2399,38.2399,38.2399,4,38.2399,2024-01-17T00:40:00Z,317,38.23806
38.2,38.2,38.2,7,38.2,2024-01-17T00:45:00Z,475,38.206021
38.24,38.24,38.24,2,38.24,2024-01-17T00:55:00Z,211,38.238436
38.0,38.0,38.0,1,38.0,2024-01-17T09:00:00Z,100,38.0
37.88,37.88,37.88,3,37.88,2024-01-17T12:15:00Z,301,37.880066
37.88,37.88,37.88,1,37.88,2024-01-17T12:20:00Z,100,37.88
37.92,37.92,37.92,5,37.92,2024-01-17T12:30:00Z,277,37.918448
37.8,37.8,37.8,2,37.8,2024-01-17T12:35:00Z,500,37.8
37.88,37.9,37.88,4,37.9,2024-01-17T12:40:00Z,1657,37.893965
37.9,37.9,37.9,1,37.9,2024-01-17T12:50:00Z,150,37.9
37.9,38.0,37.88,35,37.88,2024-01-17T13:00:00Z,2647,37.902728
37.8001,37.92,37.8001,6,37.9,2024-01-17T13:05:00Z,917,37.889439
37.83,37.83,37.83,1,37.83,2024-01-17T13:10:00Z,200,37.83
37.92,37.92,37.92,2,37.92,2024-01-17T13:15:00Z,285,37.92
37.81,37.81,37.81,1,37.81,2024-01-17T13:20:00Z,356,37.81
37.8,37.8,37.8,6,37.8,2024-01-17T13:25:00Z,386,37.800518
37.87,37.8702,37.87,2,37.8702,2024-01-17T13:35:00Z,1358,37.870163
37.79,37.85,37.79,3,37.85,2024-01-17T13:40:00Z,1834,37.80096
37.62,37.77,37.6,18,37.77,2024-01-17T13:45:00Z,2049,37.646891
37.61,37.61,37.61,4,37.61,2024-01-17T13:50:00Z,227,37.608018
37.71,37.71,37.71,3,37.71,2024-01-17T14:00:00Z,210,37.708095
37.61,37.74,37.6,37,37.6,2024-01-17T14:10:00Z,18253,37.620723
37.65,37.7,37.55,27,37.7,2024-01-17T14:20:00Z,2889,37.597231
37.67,37.67,37.61,19,37.64,2024-01-17T14:25:00Z,1780,37.642269
37.69,37.78,37.6,1430,37.66,2024-01-17T14:30:00Z,436767,37.676434
37.72,37.725,37.61,1699,37.7,2024-01-17T14:35:00Z,357975,37.679347
37.955,38.0,37.7,1993,37.72,2024-01-17T14:40:00Z,426282,37.869397
38.08,38.08,37.94,1605,37.95,2024-01-17T14:45:00Z,274517,38.000495
38.015,38.1,37.99,1674,38.075,2024-01-17T14:50:00Z,361358,38.027376
37.78,38.03,37.755,2346,38.01,2024-01-17T14:55:00Z,606801,37.898765
37.8819,37.8819,37.695,2346,37.785,2024-01-17T15:00:00Z,376857,37.786876
37.8604,37.8805,37.82,2167,37.855,2024-01-17T15:05:00Z,297363,37.84937
37.88,37.9199,37.84,1754,37.86,2024-01-17T15:10:00Z,256659,37.873291
37.755,37.89,37.75,2277,37.88,2024-01-17T15:15:00Z,331673,37.797121
37.8,37.8,37.74,1565,37.75,2024-01-17T15:20:00Z,232264,37.762503
37.77,37.81,37.74,1171,37.8,2024-01-17T15:25:00Z,204434,37.770211
37.7789,37.8,37.74,1081,37.77,2024-01-17T15:30:00Z,205404,37.777028
37.78,37.78,37.68,1456,37.775,2024-01-17T15:35:00Z,241628,37.735173
37.755,37.78,37.725,1790,37.775,2024-01-17T15:40:00Z,346171,37.75511
37.765,37.82,37.75,1358,37.75,2024-01-17T15:45:00Z,205370,37.778144
37.695,37.775,37.69,1160,37.765,2024-01-17T15:50:00Z,163463,37.728872
37.665,37.72,37.6501,2340,37.6901,2024-01-17T15:55:00Z,314418,37.692537
37.69,37.7,37.64,2039,37.665,2024-01-17T16:00:00Z,270281,37.67455
37.685,37.6999,37.645,2221,37.6999,2024-01-17T16:05:00Z,368018,37.669069
37.685,37.69,37.64,2441,37.68,2024-01-17T16:10:00Z,287005,37.672551
37.635,37.69,37.63,1551,37.68,2024-01-17T16:15:00Z,159749,37.665059
37.71,37.72,37.59,1572,37.63,2024-01-17T16:20:00Z,317381,37.657222
37.6,37.73,37.58,1609,37.71,2024-01-17T16:25:00Z,239943,37.647168
37.635,37.64,37.595,1265,37.6,2024-01-17T16:30:00Z,192166,37.619122
37.56,37.6388,37.54,1465,37.63,2024-01-17T16:35:00Z,207729,37.575345
37.5002,37.6,37.5,1526,37.56,2024-01-17T16:40:00Z,203333,37.555525
37.5535,37.57,37.49,1897,37.5,2024-01-17T16:45:00Z,231941,37.528479
37.555,37.56,37.5,1204,37.555,2024-01-17T16:50:00Z,181317,37.534477
37.5585,37.6,37.53,1469,37.5532,2024-01-17T16:55:00Z,202064,37.55986
37.4835,37.56,37.46,2177,37.55,2024-01-17T17:00:00Z,309247,37.511374
37.5035,37.51,37.42,2064,37.485,2024-01-17T17:05:00Z,293918,37.476107
37.515,37.52,37.49,1386,37.505,2024-01-17T17:10:00Z,424817,37.506808
37.5601,37.59,37.515,1945,37.52,2024-01-17T17:15:00Z,461523,37.569865
37.55,37.57,37.507,1395,37.56,2024-01-17T17:20:00Z,263261,37.543669
37.58,37.59,37.54,1117,37.54,2024-01-17T17:25:00Z,175019,37.567914
37.581,37.615,37.58,879,37.58,2024-01-17T17:30:00Z,148715,37.594245
37.56,37.585,37.54,914,37.58,2024-01-17T17:35:00Z,167185,37.555914
37.52,37.57,37.51,778,37.5613,2024-01-17T17:40:00Z,144686,37.540256
37.6,37.6,37.51,1081,37.53,2024-01-17T17:45:00Z,224741,37.558182
37.57,37.61,37.57,680,37.61,2024-01-17T17:50:00Z,134109,37.590811
37.55,37.585,37.55,1318,37.575,2024-01-17T17:55:00Z,124607,37.571468
37.615,37.62,37.54,1473,37.555,2024-01-17T18:00:00Z,229807,37.569536
37.575,37.63,37.57,1124,37.6199,2024-01-17T18:05:00Z,123421,37.606843
37.555,37.575,37.49,1503,37.575,2024-01-17T18:10:00Z,206130,37.532195
37.6099,37.63,37.535,1547,37.56,2024-01-17T18:15:00Z,172070,37.592145
37.59,37.61,37.58,1359,37.61,2024-01-17T18:20:00Z,164265,37.594984
37.59,37.6,37.57,798,37.595,2024-01-17T18:25:00Z,122134,37.584401
37.595,37.61,37.57,1440,37.5801,2024-01-17T18:30:00Z,243729,37.589697
37.64,37.64,37.58,1165,37.59,2024-01-17T18:35:00Z,166974,37.600038
37.7,37.71,37.6313,1528,37.64,2024-01-17T18:40:00Z,163180,37.674195
37.7,37.7,37.68,1140,37.7,2024-01-17T18:45:00Z,177114,37.687473
37.76,37.77,37.6812,1361,37.695,2024-01-17T18:50:00Z,221620,37.73378
37.78,37.78,37.73,1027,37.7511,2024-01-17T18:55:00Z,162802,37.753953
37.795,37.795,37.67,1134,37.78,2024-01-17T19:00:00Z,311134,37.761011
37.7811,37.795,37.77,862,37.795,2024-01-17T19:05:00Z,143860,37.780107
37.7611,37.785,37.75,982,37.78,2024-01-17T19:10:00Z,167447,37.765503
37.7679,37.78,37.75,1252,37.76,2024-01-17T19:15:00Z,276567,37.765767
37.82,37.82,37.76,1075,37.76,2024-01-17T19:20:00Z,164156,37.788399
37.86,37.86,37.8114,1355,37.815,2024-01-17T19:25:00Z,253869,37.832807
37.84,37.9,37.83,1038,37.87,2024-01-17T19:30:00Z,159071,37.869785
37.84,37.87,37.83,1364,37.845,2024-01-17T19:35:00Z,207685,37.848274
37.84,37.85,37.81,1356,37.84,2024-01-17T19:40:00Z,175606,37.825358
37.825,37.85,37.81,1897,37.84,2024-01-17T19:45:00Z,272448,37.826288
37.8,37.83,37.79,2288,37.83,2024-01-17T19:50:00Z,329614,37.804256
37.8199,37.83,37.79,1427,37.8,2024-01-17T19:55:00Z,218545,37.812312
37.815,37.83,37.79,1987,37.815,2024-01-17T20:00:00Z,332930,37.812911
37.83,37.84,37.78,1930,37.815,2024-01-17T20:05:00Z,242328,37.805093
37.8214,37.87,37.81,2296,37.83,2024-01-17T20:10:00Z,254178,37.832933
37.83,37.86,37.8,1856,37.825,2024-01-17T20:15:00Z,258353,37.829788
37.8203,37.87,37.8,1610,37.83,2024-01-17T20:20:00Z,243079,37.822483
37.86,37.8735,37.8,2417,37.825,2024-01-17T20:25:00Z,359967,37.842428
37.921,37.98,37.815,2659,37.86,2024-01-17T20:30:00Z,409112,37.905822
37.955,37.97,37.87,2108,37.9203,2024-01-17T20:35:00Z,244558,37.897894
37.915,37.98,37.89,2905,37.96,2024-01-17T20:40:00Z,317074,37.9275
38.01,38.015,37.895,4311,37.905,2024-01-17T20:45:00Z,547385,37.980073
37.92,38.04,37.91,2712,38.005,2024-01-17T20:50:00Z,392696,37.987013
38.0,38.0,37.785,6174,37.92,2024-01-17T20:55:00Z,886414,37.860962
38.02,38.03,37.92,23,37.94,2024-01-17T21:00:00Z,37597,37.95556
37.97,38.0,37.94,11,38.0,2024-01-17T21:15:00Z,14888979,37.940002
38.0,38.0,38.0,53,38.0,2024-01-17T21:20:00Z,3001,37.999947
38.0,38.0,38.0,1,38.0,2024-01-17T21:30:00Z,100,38.0
38.0,38.0,38.0,5,38.0,2024-01-17T21:35:00Z,563,37.999467
37.96,37.96,37.96,7,37.96,2024-01-17T21:40:00Z,1941,37.959995
38.0,38.0,38.0,2,38.0,2024-01-17T21:45:00Z,120,37.99
37.8,37.8,37.8,6,37.8,2024-01-17T22:25:00Z,160,37.81875
37.8,37.8,37.8,1,37.8,2024-01-17T22:30:00Z,200,37.8
37.83,37.83,37.83,1,37.83,2024-01-17T23:00:00Z,100,37.83
37.82,37.82,37.82,1,37.82,2024-01-17T23:10:00Z,850,37.82
37.9,37.9,37.9,2,37.9,2024-01-17T23:20:00Z,259,37.892423
37.93,37.93,37.93,1,37.93,2024-01-17T23:25:00Z,100,37.93
37.94,37.94,37.94,3,37.94,2024-01-17T23:30:00Z,32,37.944063
37.99,37.99,37.83,13,37.83,2024-01-17T23:45:00Z,2000,37.93342
38.0,38.0,37.83,6,37.83,2024-01-17T23:55:00Z,825,37.974242
38.0,38.0,38.0,2,38.0,2024-01-18T00:00:00Z,200,38.0
37.83,37.83,37.83,9,37.83,2024-01-18T00:05:00Z,4169,37.83
37.84,37.84,37.84,3,37.84,2024-01-18T00:10:00Z,465,37.84129
37.86,37.86,37.86,1,37.86,2024-01-18T00:30:00Z,100,37.86
37.9,37.9,37.9,1,37.9,2024-01-18T00:35:00Z,200,37.9
38.0,38.02,38.0,2,38.02,2024-01-18T10:35:00Z,200,38.01
37.83,37.83,37.83,1,37.83,2024-01-18T10:45:00Z,100,37.83
37.8,37.8,37.8,1,37.8,2024-01-18T10:50:00Z,100,37.8
37.51,37.51,37.51,2,37.51,2024-01-18T11:00:00Z,175,37.51
37.76,37.76,37.58,11,37.58,2024-01-18T12:00:00Z,720,37.678819
37.68,37.68,37.6,6,37.6,2024-01-18T12:25:00Z,700,37.648571
37.96,37.96,37.55,28,37.74,2024-01-18T13:00:00Z,8859,37.622001
37.6,37.6,37.6,2,37.6,2024-01-18T13:15:00Z,1520,37.6
37.72,37.72,37.61,6,37.61,2024-01-18T13:20:00Z,1300,37.69763
37.6901,37.7,37.6901,5,37.7,2024-01-18T13:25:00Z,731,37.697183
37.7,37.7,37.7,1,37.7,2024-01-18T13:30:00Z,205,37.7
37.76,37.76,37.69,14,37.69,2024-01-18T13:35:00Z,1386,37.720995
37.73,37.73,37.73,2,37.73,2024-01-18T13:40:00Z,200,37.73
37.85,37.85,37.7,14,37.79,2024-01-18T13:45:00Z,2630,37.798304
37.76,37.76,37.76,2,37.76,2024-01-18T13:55:00Z,1000,37.76
37.77,37.77,37.77,7,37.77,2024-01-18T14:00:00Z,1100,37.77
37.78,37.78,37.76,8,37.76,2024-01-18T14:15:00Z,760,37.772895
37.8,37.8,37.75,30,37.8,2024-01-18T14:20:00Z,3350,37.793808
37.8,37.8,37.75,48,37.8,2024-01-18T14:25:00Z,19187,37.784872
37.8301,37.87,37.75,1272,37.75,2024-01-18T14:30:00Z,458158,37.800258
37.785,37.84,37.76,1329,37.83,2024-01-18T14:35:00Z,332363,37.782593
